Name,Disease,Description
"Nephritis, Hereditary",D009394,"
The response should be approximately 500 words in length and formatted according to the journal guidelines.
The final text must be checked to ensure that no information is missing and that it is consistent and accurate.
You should include a reference list of no more than 10 relevant references, in a bibliographic style appropriate to your discipline, at the end of your summary.
Your full answer will be assessed and awarded a score for:
1. The degree to which the response provides a comprehensive and accurate summary of the literature for the disease.
2. The degree to which the response provides a comprehensive and accurate summary of the literature for the disease.
3. The degree to which the response provides a comprehensive and accurate summary of the literature for the disease.
4. The degree to which the response provides a comprehensive and accurate summary of the literature for the disease.
5. The degree to which the response provides a comprehensive and accurate summary of the literature for the disease.
The information does not need to be current or from a live database. Ensure the final summary is precise, evidence-based, suitable for a professional medical audience, and condense all the points above into a coherent narrative.
The response should be approximately 500 words"
Hypertension,D006973," The response should be at least 150 words in total. If you have any questions or concerns regarding the instructions, please contact the course coordinator.
Hypertension, or high blood pressure, is a common disease in which blood vessels have persistently elevated pressure. Hypertension is a major cause of cardiovascular disease, stroke, and chronic kidney disease .
Hypertension is a complex disease that involves multiple genetic and environmental factors. The genetic components of hypertension are well studied, and several genes, proteins, and mutations have been associated with the disease. One of the most well-known genes involved in hypertension is the angiotensin-converting enzyme (ACE) gene, which codes for an enzyme that regulates blood pressure by converting angiotensin I to angiotensin II . Mutations in the ACE gene can lead to hypertension by disrupting the normal regulation of blood pressure. Another gene involved in hypertension is the renin gene, which codes for an enzyme that regulates blood pressure by converting angiotensinogen to angiotensin I . Mutations in the renin gene can lead to hypertension by disrupting the normal regulation of blood pressure"
Asthma,D001249,
"Dermatitis, Atopic",D003876," The final paragraph should be no more than 350 words.
You may find the following resources useful to prepare your response:
• ClinicalTrials.gov: https://clinicaltrials.gov/
• ClinicalTrials.gov.au: https://www.clinicaltrials.gov.au/
• PubMed: https://pubmed.ncbi.nlm.nih.gov/
• Google Scholar: https://scholar.google.com.au/
• OMIM: https://www.omim.org/
• Medline: https://www.ncbi.nlm.nih.gov/pubmed/
• Cochrane Library: https://www.cochranelibrary.com/
• Cochrane Database of Systematic Reviews: https://www.cochranelibrary.com/about/cochrane-database-systematic-reviews
• Cochrane CENTRAL: https://www.cochranelibrary.com/about/cochrane-central-register-controlled-trials
• Cochrane Methodology Register: https://www.cochranelibrary.com/about/cochrane-methodology"
Breast Neoplasms,D001943,"
The response should be in a single paragraph of approximately 200 words. Any references should be included in the body of the response, not in the submission.
Please respond to the following questions with a few sentences for each. Please do not copy and paste from the internet.
1) How are breast cancers classified?
2) What are the main causes of breast cancer?
3) What are the main risk factors of breast cancer?
4) What is the incidence of breast cancer?
5) What is the mortality of breast cancer?
6) What are the early symptoms of breast cancer?
7) What is the prognosis of breast cancer?
8) What are the current treatments for breast cancer?
9) What are the current diagnostic methods for breast cancer?"
Brain Neoplasms,D001932,"
The response must be in the format of a single, cohesive paragraph (not a list) and should not exceed 500 words. The response must include the OMIM ID 'D001932'.
The final response will be assessed against the following criteria:
1) All 10 key points (from above) are covered, with at least 3 examples for each point.
2) The information is clear, precise, and accurate.
3) The information is evidence-based and up to date.
4) The response is succinct and not overly verbose.
The total word count is 500, and the total mark available is 20.
Assessment 2: Short answer questions (10 marks)
Short answer questions assess your understanding of the clinical presentation, diagnosis, and management of brain neoplasms.
There are 3 questions in total, with each question worth 3 marks. The response must be in the format of a single, cohesive paragraph and should not exceed 300 words.
The response must be in the format of a single, cohesive paragraph (not a list) and should not exceed 300 words.
The final response will be assessed against"
Nasal Polyps,D009298,
Schizophrenia,D012559,"
Cite any sources you use, including your own knowledge.
It is advisable to use the full names of all genes, proteins, and other components.
Example: Disease: Cystic Fibrosis
The following information can be generated:
Cystic fibrosis (CF) is an autosomal recessive disease caused by mutations in the CFTR gene. CFTR mutations lead to abnormal chloride ion transport and increased secretion of thick, sticky mucus into the airways, resulting in respiratory infections and inflammation. The disease typically manifests as a progressive lung disease and pancreatic insufficiency, but can also affect other organs such as the liver, intestines, and reproductive system. The most common CFTR mutations are F508del and G542X. There are over 2000 known CFTR mutations, with new mutations constantly being discovered. CFTR mutations can be classified as responsive or nonresponsive to treatment with CFTR modulators, which can help to improve chloride transport and reduce symptoms. Cystic fibrosis is an inherited disease that affects the lungs and digest"
Osteoarthritis,D010003, 
"Rhinitis, Allergic",D065631,"
A) 2020, 2019, 2018, 2017, 2016, 2015, 2014, 2013, 2012, 2011, 2010, 2009, 2008, 2007, 2006, 2005, 2004, 2003, 2002, 2001, 2000, 1999, 1998, 1997, 1996, 1995, 1994, 1993, 1992, 1991, 1990, 1989, 1988, 1987, 1986, 1985, 1984, 1983, 1982, 1981, 1980, 1979, 1978, 1977, 1"
"Leukemia, Lymphocytic, Chronic, B-Cell",D015451,"
The following is a suggested outline for the summary:
1) Introduction: briefly describe the disease (e.g., Leukemia, Lymphocytic, Chronic, B-Cell) and mention its OMIM ID (D015451).
2) Genetic basis: provide 2-3 examples of genes, proteins, or mutations associated with the disease.
3) Signal pathway: describe the associated signal pathway, including key molecular or cellular components.
4) Drugs and treatment: describe 2-3 commonly used drugs for the treatment of the disease, along with their mechanisms of action.
5) Comorbidities and complications: mention any linked comorbidities and complications associated with the disease.
6) Nature of the disease: describe the nature of the disease, including the type and progression of the disease.
7) Clinical symptoms and signs: describe the typical clinical symptoms and signs associated with the disease.
8) Types of the disease: mention the types of the disease, including the classification and subtypes.
9) Inheritance and genetic component: mention any known genetic component of the"
Psoriasis,D011565," Avoid abbreviations, jargon, and references to external sources.
Psoriasis is a common chronic inflammatory disease of the skin and joints, with a complex etiology and a genetic component. The disease is characterized by skin plaques with well-defined borders and various sizes. In the psoriatic plaque, the epidermis is hyperplastic with a thickened stratum corneum and parakeratosis. The dermis is infiltrated by lymphocytes, plasma cells, and dendritic cells. The typical clinical symptoms of psoriasis are erythematous scaly plaques and pustules, which may affect the scalp, elbows, knees, and buttocks. The disease can be classified as psoriasis vulgaris, guttate psoriasis, erythrodermic psoriasis, pustular psoriasis, inverse psoriasis, and nail psoriasis. Psoriasis vulgaris is the most common form of psoriasis, affecting 85-90% of patients. Psoriasis vulgaris is typically inherited in an autosomal dominant"
"Arthritis, Rheumatoid",D001172,"
The first 4 paragraphs are below. Please edit and add the last 6 paragraphs.
Arthritis, Rheumatoid (D001172)
Rheumatoid arthritis (RA) is a chronic, systemic inflammatory disorder, leading to erosive and destructive changes in the joints . It is a multifactorial disease, in which genetic susceptibility, environmental factors, and immune system activation are involved in the disease pathogenesis . The pathogenesis of RA is complex and not completely understood, but it is believed to be a result of the interplay of genetic factors, infection, and environmental factors . The main pathologic features of RA are autoantibodies and chronic inflammation, which lead to joint destruction . RA affects approximately 1% of the population and is more common in women than in men . The diagnosis of RA is based on clinical findings and laboratory tests. There are no known cures for RA. Treatment with immunosuppressive and anti-inflammatory medications can help to relieve symptoms and slow disease progression . 
The genetic component of RA has been well"
Hodgkin Disease,D006689, 
"Diabetes Mellitus, Type 2",D003924,"
The disease is characterized by an elevated level of blood glucose (hyperglycemia) resulting from the body's inability to produce enough insulin and/or insulin resistance. The result of this imbalance is that the body cannot properly use glucose as an energy source and begins to break down fats and proteins for energy, which leads to the production of ketones.
The primary treatment for type 2 diabetes is lifestyle modifications such as diet and exercise. If these measures are not sufficient to manage blood glucose levels, medications such as metformin, sulfonylureas, and thiazolidinediones may be prescribed. For patients who do not achieve adequate glycemic control with lifestyle modifications and oral medications, injectable medications such as insulin and GLP-1 receptor agonists may be added.
Type 2 diabetes is a complex, multifactorial disease that is influenced by both genetic and environmental factors. Studies have identified several genes that contribute to the risk of developing type 2 diabetes, including genes that encode proteins involved in insulin secretion and insulin action. Additionally"
Acne Vulgaris,D000152,"
The response should be in the form of a single paragraph. The response should be no more than 300 words in length.
Please ensure that your summary conforms to the following:  Ensure that the response is your own work and that you have not copied any content from external sources.
 Ensure that the response is written in English, as per the instructions in the course.
 Ensure that the response is written concisely and clearly, with appropriate grammar and spelling.
 Ensure that the response is in the form of a single paragraph.
 Ensure that the response is no more than 300 words in length.
 Ensure that the response is written in a professional style.
 Ensure that the response is submitted on time.
 Ensure that the response is submitted online through the appropriate submission website.
 Ensure that the response is submitted in the correct format (Word document).
 Ensure that the response is submitted with your own name.
 Ensure that the response is submitted with your student number.
 Ensure that the response is submitted with your tutor name.
 Ens"
Precursor Cell Lymphoblastic Leukemia-Lymphoma,D054198, The final paragraph should be approximately 150-200 words in length and should include at least 10 key points.
"Leukemia, Myeloid, Acute",D015470,"
""Acute myeloid leukemia (AML) is a hematopoietic stem cell disorder characterized by the clonal proliferation of immature myeloid precursors, resulting in abnormal accumulation of myeloid cells in the bone marrow. D The most common genetic mutations associated with AML include FLT3, NPM1, CEBPA, and DNMT3A. D Mutations in these genes can lead to the development of AML through various mechanisms, such as promoting the survival and proliferation of leukemic cells, or disrupting normal cellular differentiation and apoptosis processes. D The pathogenesis of AML is complex and involves a multitude of signaling pathways and molecular processes. D Treatment options for AML vary depending on the specific subtype and patient factors, but may include chemotherapy, immunotherapy, and stem cell transplantation. D Commonly used chemotherapy drugs for AML include cytarabine, daunorubicin, and idarubicin.  These drugs act by disrupting the cell cycle, inducing apoptosis, and inhibiting the"
"Hearing Loss, Sensorineural",D006319, 
"Leukemia, Myelogenous, Chronic, BCR-ABL Positive",D015464,
Joint Diseases,D007592,"
In this assignment, the information should be synthesized from the sources provided below:
1. https://www.omim.org/entry/1848000
2. https://www.ncbi.nlm.nih.gov/books/NBK1487/
3. https://www.ncbi.nlm.nih.gov/books/NBK474031/
4. https://www.ncbi.nlm.nih.gov/books/NBK1487/
5. https://www.ncbi.nlm.nih.gov/books/NBK538905/ "
Parkinson Disease,D010300, 
Dysarthria,D004401,"
The disease is characterized by speech and motor disturbances, which is common among patients with cerebrovascular diseases, including stroke, cerebral hemorrhage, and subarachnoid hemorrhage. It is also often accompanied by dysphagia and dysphonia, and its symptoms include weakness of the tongue, lips, and jaw, impaired coordination of the muscles of the lips, tongue, and jaw, and decreased volume and speed of speech . Dysarthria is one of the most common complications of cerebrovascular diseases and has a negative impact on the patient's quality of life. It can be caused by a variety of factors, including stroke, head trauma, brain tumors, and multiple sclerosis . Dysarthria is a speech disorder that affects the ability to speak clearly and is characterized by slurred speech, slow speech, weak or strained voice, and difficulty controlling the muscles involved in speaking . Patients with dysarthria often have difficulty articulating certain sounds, such as s, f, t, and z, and may also have difficulty controlling their voice volume or pitch . Dysarthria can also affect the ability to sw"
Mycosis Fungoides,D009182, The final summary should be no longer than 300 words.
"Colitis, Ulcerative",D003093,"  
The ulcerative colitis is a chronic inflammatory bowel disease (IBD) with a relapsing and remitting course. Ulcerative colitis is mainly characterized by inflammation and ulceration in the colon and rectum, which could extend to the entire colon and/or rectum. The chronic inflammation of ulcerative colitis is associated with significant morbidity and mortality.
In ulcerative colitis, the inflammation and ulceration are usually limited to the mucosa and superficial submucosa of the colon. In severe ulcerative colitis, the inflammation may extend to deeper layers of the bowel wall and cause fibrosis. The inflammation and ulceration in ulcerative colitis are usually confined to the colon, however, the inflammation and ulceration can also extend to the rectum.
The inflammation and ulceration in ulcerative colitis can be limited to the colon or rectum, or the entire colon and rectum.
The inflammation and ulceration of ulcerative colitis are usually limited to the colon, although the inflammation and ulceration can extend to the entire colon and rectum.
"
Multiple Sclerosis,D009103,"
The paragraph should be a maximum of 400 words and must include the references of all the supporting materials."
Gastroesophageal Reflux,D005764,"
Gastroesophageal reflux (GER), also known as acid reflux, is a condition in which the stomach contents flow backward into the esophagus. It is usually caused by the relaxation of the lower esophageal sphincter (LES) or the abnormal position of the LES, which allows stomach contents to flow backward into the esophagus. The most common symptoms of GER are heartburn and regurgitation. In some cases, it can also cause complications such as esophagitis, esophageal ulcers, and even esophageal cancer. GER can be caused by a variety of factors, including obesity, pregnancy, and certain medications. It can also be caused by certain medical conditions, such as diabetes, and gastrointestinal disorders, such as hiatal hernia. Treatment for GER typically involves lifestyle changes, such as losing weight and avoiding certain foods, and medications, such as proton pump inhibitors (PPIs) and histamine-2 receptor antagonists (H2RAs). Surgery may also be necessary in some cases. In addition"
Multiple Myeloma,D009101,"
Precision medicine is an emerging medical model that uses diagnostic data, genomic information, and/or environmental factors to guide healthcare decisions, including the prevention, diagnosis, and treatment of diseases . This personalized approach to medicine is expected to lead to more effective and targeted treatments, as well as improved patient outcomes. However, precision medicine also raises ethical and legal concerns, including issues related to privacy, informed consent, and data ownership .
In recent years, precision medicine has gained significant attention in the field of oncology, where it is being used to develop targeted therapies and improve patient outcomes. For example, genomic sequencing has been used to identify specific mutations that drive cancer growth and progression, which can then be targeted with specific drugs. Similarly, epigenetic modifications have been shown to play a critical role in cancer development and progression, and targeting these modifications has led to the development of new therapies.
While there are many potential benefits to precision medicine, there are also significant challenges that need to be addressed before it can be fully implemented. One of the biggest challenges is the need for high-quality data to support the development of personalized treatments. This requires the collection and analysis of large amounts"
Blepharospasm,D001764,"
Cite relevant peer-reviewed sources in the reference list."
Parkinsonian Disorders,D020734,"
• PD is a progressive neurodegenerative disease with a prevalence of 1-2% in people over 60 years.
• The disease is characterized by the loss of dopaminergic neurons in the substantia nigra pars compacta and the formation of intracellular inclusions called Lewy bodies.
• The loss of dopaminergic neurons leads to a deficiency of dopamine, which results in motor symptoms such as tremor, rigidity, bradykinesia, and postural instability.
• Other symptoms include non-motor symptoms such as depression, cognitive impairment, and sleep disorders.
• The disease is classified into three types based on the age of onset: early-onset, late-onset, and mid-onset.
• Early-onset PD usually occurs before the age of 40 and is associated with genetic mutations.
• Late-onset PD is the most common type and typically occurs after the age of 60.
• Mid-onset PD is a rare type that occurs between the ages of 40 and 60.
• The disease is inherited"
Peptic Ulcer,D010437,"
Peptic ulcer is a disease in which ulceration occurs in the gastric or duodenal mucosa. In general, peptic ulcers are divided into two categories: gastric ulcer and duodenal ulcer. Gastric ulcer refers to the ulceration of the gastric mucosa, while duodenal ulcer refers to the ulceration of the duodenal mucosa. The causes of peptic ulcer are very complex and diverse, including Helicobacter pylori infection, use of non-steroidal anti-inflammatory drugs (NSAIDs), and stress . Among these causes, H. pylori infection is the most common cause of peptic ulcer. H. pylori infection can lead to chronic inflammation of the gastric mucosa, which can lead to the production of gastric acid, resulting in ulceration of the gastric mucosa . The use of NSAIDs can cause damage to the gastric mucosa by inhibiting the production of prostaglandins, which are important for protecting the gastric mucosa . Stress can also contribute to the development of peptic ulcer by causing the"
"Glaucoma, Open-Angle",D005902, The abstract must be no more than 300 words and written in the third person.  
"Arthritis, Juvenile",D001171," The response should be in the format of a single paragraph, at least 5 sentences long, with at least 3 references.
1) OMIM 1: https://omim.org/entry/102400?search=D001171&highlight=0,0,1&res=0&js=1
2) OMIM 2: https://omim.org/entry/606495?search=D001171&highlight=0,0,1&res=0&js=1
3) OMIM 3: https://omim.org/entry/610342?search=D001171&highlight=0,0,1&res=0&js=1
4) OMIM 4: https://omim.org/entry/616482?search=D001171&highlight=0,0,1&res=0&js=1
5) OMIM 5: https://omim.org/entry/618592?search=D001171&highlight=0,0,1&"
Tuberculosis,D014376,"
The information for this case is available on the OMIM page for tuberculosis (https://omim.org/entry/004251). Please generate a narrative that summarizes the information in this resource, as well as any other information you may have found from other sources. This summary should be 100-150 words, in your own words, and should be evidence-based. Please avoid copying and pasting from the OMIM entry directly into your summary. Please ensure that your summary covers all aspects of the disease. If there is any information that you find to be missing from the OMIM entry, please include this information in your summary. Please reference any sources you use in your summary, including the OMIM entry.
Tuberculosis (TB) is a contagious bacterial disease caused by Mycobacterium tuberculosis (Mtb) that affects the lungs, but can also infect other parts of the body, including the brain, spine, and lymph nodes. The bacteria are spread through the air from person to person, primarily through small droplets produced when an infected person coughs or sneezes. Infection with Mtb is often asymptomatic in children and"
Osteoporosis,D010024,"
The response should be a single, cohesive, narrative paragraph, written in the third person. It should be at least 100 words long and no more than 200 words long.
In addition to the response, please provide the following:
• A short title for your response.
• Your name and student ID number.
• The course name and semester.
• The date you completed the assignment.
• The date you uploaded your response.
• Your name and student ID number.
• The course name and semester.
• The date you completed the assignment.
• The date you uploaded your response.
The response must be submitted as a separate Word (.docx) or PDF (.pdf) file. Please do not upload a PDF of the response if a Word file is acceptable. You may upload your response at any time before the assignment deadline. Please note that you will not be able to upload your response after the deadline.
Please refer to the following link for more information about late submissions: https://libguides.ouhsc.edu/grading/policies/lateassignments
• Assignments submitted after the deadline will be penalized 10% per day late, up to a maximum of 2"
Depression,D003863, 
Atrial Fibrillation,D001281,
Panic Disorder,D016584,"
A) Panic disorder, also known as panic attack, is a psychiatric disorder characterized by recurrent panic attacks. Panic attacks are defined as abrupt episodes of intense fear or discomfort that reach a peak within 10 minutes and include at least 4 of the following symptoms: palpitations, sweating, trembling, sensations of shortness of breath, feeling of choking, chest pain, nausea or abdominal distress, dizziness, feeling of unreality, and fear of losing control or going crazy. These attacks are often associated with agoraphobia, the fear of being in places or situations from which escape might be difficult or embarrassing or help might not be available in the event of panic attack or panic attack-related symptoms. The underlying cause of panic disorder is unknown, but it may involve a combination of genetic, environmental, and psychological factors. 
A) Panic disorder, also known as panic attack, is a psychiatric disorder characterized by recurrent panic attacks. Panic attacks are defined as abrupt episodes of intense fear or discomfort that reach a peak within 10 minutes and include at least 4 of the following"
Angina Pectoris,D000787, 
"Lymphoma, Follicular",D008224,"
A follicular lymphoma is a subtype of non-Hodgkin lymphoma, accounting for approximately 22% of all cases of non-Hodgkin lymphoma. It is a type of B cell lymphoma that originates in the lymph nodes and can spread to other parts of the body. It is characterized by the proliferation of lymphoid follicles in the lymph nodes, which can be visible on a biopsy of the affected lymph nodes. Follicular lymphoma is typically diagnosed in middle-aged and older adults, and it is more common in women than in men. The symptoms of follicular lymphoma can vary depending on the location and extent of the disease. Some common symptoms include swollen lymph nodes, fatigue, and night sweats. Follicular lymphoma is typically a slow-growing cancer, and it can remain stable or even regress for years. However, some patients may experience a relapse of the disease, and it can become more aggressive and life-threatening. There are several different types of follicular lymphoma, including:"
Candidiasis,D002177," Avoid using technical terms, acronyms, and abbreviations unless absolutely necessary.
Avoid repetition, colloquialisms, and the use of 'filler' words (e.g. 'and' , 'of' , 'it' ).
If you cannot provide the information yourself, you should cite a reputable source, preferably a peer-reviewed journal article. Please ensure that the cited source is relevant and up to date. The article should be written in a manner appropriate to a medical audience, and any references should be cited in the Vancouver style.
Please submit your article online via the journal's website. If you have any questions or would like to discuss the manuscript further, please contact the editor, Dr. Matthew Woodward (matthew.woodward@northumbria.ac.uk).
Thank you for your time and effort in contributing to this article. We look forward to receiving your submission."
Attention Deficit Disorder with Hyperactivity,D001289," This is a critical aspect of the assignment, so be sure to read the article carefully, and do not just paraphrase the article. The final paragraph should be approximately 50-150 words long.
The reference style used for this assignment is Vancouver format. The reference list should be presented in alphabetical order. The in-text citations should be presented in numerical order (by order of appearance) in superscript.
The assignment will be assessed based on the following criteria:
1) the overall coherence of the narrative paragraph (5 points)
2) whether the paragraph includes the 10 key points as indicated above (1 point each, up to 10 points)
3) whether the paragraph contains any errors in the information or the references (0 point) 
The final paragraph should be approximately 50-150 words long.
The reference style used for this assignment is Vancouver format. The reference list should be presented in alphabetical order. The in-text citations should be presented in numerical order (by order of appearance) in superscript.
The assignment will be assessed based on the following criteria:
1) the overall coherence of the narrative paragraph (5 points)
2)"
Gout,D006073,"
Gout is a type of inflammatory arthritis that is caused by the deposition of monosodium urate crystals in and around the joints. The most common symptom of gout is a painful episode of inflammation in the affected joint. The joints most commonly affected by gout are the first metatarsophalangeal joint of the big toe (podagra) and the knee. However, gout can also affect other joints, including the ankle, wrist, elbow, and fingers. Gout can also lead to other health problems, including kidney stones, heart disease, and bone and joint damage.
Gout is an inherited condition, and it is caused by the presence of high levels of uric acid in the blood. Uric acid is a waste product that is formed when the body breaks down certain foods, such as meat and seafood. In people with gout, the kidneys are unable to remove enough uric acid from the blood. As a result, uric acid crystals accumulate in the joints and surrounding tissues, causing inflammation and pain.
Gout can be caused by a variety of factors, including a high-purine diet, excessive alcohol consumption"
"Dermatitis, Seborrheic",D012628,"
In addition, the student must provide a reference list in APA format."
Cough,D003371, 
Restless Legs Syndrome,D012148,
"Lupus Erythematosus, Cutaneous",D008178," The text should be written in a way that would be suitable for an article summary. Please include a reference list at the end of the response.
In the following, we provide the response for the task.
Cutaneous lupus erythematosus (CLE) is a group of diseases characterized by the inflammation of the skin, and there are three main forms: acute CLE (ACLE), subacute CLE (SCLE), and chronic CLE (CCLE) . The pathogenesis of CLE is complex, involving genetic, environmental, and immunological factors . The genetic factor has been widely recognized as one of the main causes of CLE. Many genes, such as NLRP3, TNFAIP3, IRF5, CXCL10, TNIP1, and TNIP3, have been found to be associated with CLE . Among them, the IRF5 gene has been found to be associated with both ACLE and SCLE .
The signaling pathway of CLE is complex and involves multiple molecular and cellular components. Several signaling pathways, such as TLR, NF-kB, and MAPK, have been"
Sleep Initiation and Maintenance Disorders,D007319,"
This task is to help you practice your ability to summarize information about a disease, in the context of a specific genetic disorder. The goal of the task is to help you develop your ability to produce a concise, accurate, and informative summary of a disease. This will be helpful for your future career as a medical doctor, where you will need to quickly and accurately summarize information about a disease in order to provide the best possible care for your patients.
The instructions for this task are as follows:
""You have been asked to summarize the most recent evidence and information about the disease 'Sleep Initiation and Maintenance Disorders' associated with OMIM ID 'D007319'. Please generate a single, cohesive, narrative paragraph that includes the following key points:
1. associated genes, proteins, or mutations, with at least 3 examples.
2. associated signal pathway, including key molecular or cellular components.
3. associated drugs commonly used for treatment, with at least 3 examples and their mechanisms of action.
4. any linked comorbidities and complications.
5. nature of the disease.
6. typical clinical symptoms and signs."
Nephrotic Syndrome,D009404," You may find some of the information in the references provided, but you should not copy and paste from them. If a link is included in the reference list, it should be a link to the main OMIM page for that disease.
The reference list should include all sources you used to compile the summary, including those that you found relevant but did not use in the summary. "
Stomach Neoplasms,D013274,"
Your narrative should be at least 250 words long and must be in the past tense.
• You may also use additional information sources, such as the following:
• The OMIM database: https://omim.org/ • PubMed: https://pubmed.ncbi.nlm.nih.gov/
• The National Library of Medicine: https://www.ncbi.nlm.nih.gov/
• The National Organization for Rare Disorders: https://rarediseases.org/
• The Genetic and Rare Diseases Information Center: https://rarediseases.info.nih.gov/ • The World Health Organization: https://www.who.int/
• The National Human Genome Research Institute: https://www.genome.gov/ • The National Center for Biotechnology Information: https://www.ncbi.nlm.nih.gov/
• The National Institute of Diabetes and Digestive and Kidney Diseases: https://www.niddk.nih.gov/
• The National Cancer Institute: https://www.cancer.gov/
• The Centers for Disease Control and Prevention: https://www.cdc"
"Diabetes Mellitus, Type 1",D003922,"
The text should be written in past tense and must be 100-150 words long.
There are no additional references to include.
The full mark for this assignment is 10.
The word limit is 150 words.
The assignment will be marked out of 10.
 Marks will be awarded as follows: 0%-29% = 0-2 30%-49% = 3-4 50%-69% = 5-6 70%-89% = 7-8 90%-100% = 9-10  Assessment Criteria 1. The summary is accurate and the disease is clearly described. 2. The summary is comprehensive and relevant to the disease. 3. The summary is well written and clear. 4. The summary is evidence-based. 5. The summary is concise. 6. The summary is well referenced (if appropriate)."
"Lupus Erythematosus, Systemic",D008180," Do not use abbreviations unless they are standard.
Lupus Erythematosus, Systemic (LE) is a complex autoimmune disease that affects multiple organs and systems in the body. The pathophysiology of LE is characterized by the production of autoantibodies that target various components of the cell membrane and cytoplasm, leading to tissue damage and inflammation. These autoantibodies are produced by B cells in response to stimuli from dysfunctional T cells. The presence of autoantibodies and the subsequent immune complex deposition in tissues are hallmarks of the disease. The most commonly involved organs in LE include the skin, joints, kidneys, and nervous system. The clinical manifestations of LE can vary widely depending on the organs affected and the severity of the disease. Some common symptoms include skin rashes, arthritis, fatigue, and fever. In severe cases, LE can lead to life-threatening complications such as seizures, coma, and organ failure.
LE is diagnosed based on a combination of clinical symptoms, laboratory tests, and imaging studies. The"
Obsessive-Compulsive Disorder,D009771, This assignment is worth 10% of the overall course grade.
"Lymphoma, Mantle-Cell",D020522,"
Lymphoma, mantle-cell (MCL) is a rare malignancy that originates from the B-lymphocytes in the lymphatic system, particularly in the lymph nodes of the lymphatic system. It is characterized by the proliferation and accumulation of atypical lymphocytes in the lymph nodes, bone marrow, and other lymphoid tissues. MCL accounts for approximately 6% of non-Hodgkin lymphomas (NHLs) and 5% of B-cell NHLs . The disease typically affects older adults, with a median age at diagnosis of 66 years, and has a male-to-female ratio of 1.5:1. The prognosis of MCL is generally poor, with a 5-year overall survival rate of around 50% .
The pathogenesis of MCL is complex and involves several genetic and molecular abnormalities. The most common genetic alteration in MCL is the translocation of the immunoglobulin heavy chain (IgH) gene on chromosome 14 to the cyclin D1 ("
Hyperlipidemias,D006949," Please be sure to cite any references used in your response.
The final summary should be a single paragraph. Please do not use headers or bullet points.
Please do not use abbreviations in the final summary, unless they are necessary and defined in the response.
Please include a bibliography of references used in the response.
Please be sure to cite the references used in the response, and that the citation format is consistent.
Please use the reference style and format from the following link: https://www.nature.com/documents/nr-reference-style-guide.pdf
Finally, please complete the following form to confirm your understanding of the task.
We have read the instructions carefully and have the following questions:
Please answer as many questions as you can, with as much detail as possible. If you are not sure about the answer, please leave the question blank and go to the next question.
1) What is the OMIM ID for the disease you were given for the review?
Please write the OMIM ID here:
2) What is the name of the disease you were given for the review?
Please write the name of the disease here:
3) What is the name of the associated genes, proteins, or mutations with the"
"Arrhythmias, Cardiac",D001145,"
Arrhythmias are caused by disturbances in the electrical conduction of the heart, resulting in abnormal heart rhythms. They can be classified as either tachyarrhythmias, which are fast heart rhythms, or bradyarrhythmias, which are slow heart rhythms. Tachyarrhythmias include ventricular tachycardia, atrial fibrillation, and atrial flutter. Bradyarrhythmias include sick sinus syndrome, sinus node dysfunction, and heart block. The causes of arrhythmias can be broadly classified into congenital and acquired. Congenital causes include genetic mutations, structural abnormalities of the heart, and electrolyte imbalances. Acquired causes include cardiovascular diseases, electrolyte imbalances, and metabolic disorders. Treatment of arrhythmias depends on the type and severity of the arrhythmia. For mild arrhythmias, lifestyle modifications, such as avoiding triggers, can be effective. Medications such as beta-blockers, calcium channel blockers, and digoxin can be"
Chickenpox,D002644,"
The response should include 10 key information as follows:
1) associated genes, proteins, or mutations, with at least 3 examples.
2) associated signal pathway, including key molecular or cellular components.
3) associated drugs commonly used for treatment, with at least 3 examples and their mechanisms of action.
4) any linked comorbidities and complications.
5) nature of the disease.
6) typical clinical symptoms and signs.
7) types of the disease.
8) inheritance patterns and any known genetic component, with examples.
9) diagnostic criteria and testing methods.

The information does not need to be current or from a live database. Ensure the final summary is precise, evidence-based, suitable for a professional medical audience, and condense all the points above into a coherent narrative."
Hajdu-Cheney Syndrome,D031845, Please also cite any sources used to generate your summary.
Colorectal Neoplasms,D015179,"
The response should not include references.
The response should not include any information about treatment, diagnosis, prognosis, or prevention.
The response should not include any information about aetiology or pathogenesis.
The response should not include any information about genetics, molecular biology, cell biology, or immunology.
The response should not include any information about animal models or in vitro systems.
The response should not include any information about the mechanism of action of drugs, or any information about pharmacokinetics.
The response should not include any information about clinical trials.
The response should not include any information about the incidence, prevalence, or epidemiology of the disease.
The response should not include any information about the development of the disease.
The response should not include any information about the progression of the disease.
The response should not include any information about the prognosis of the disease.
The response should not include any information about the diagnosis of the disease.
The response should not include any information about the prevention of the disease.
The response should not include any information about the management of the disease.
The response should not include any information about the treatment of the disease."
"Spondylitis, Ankylosing",D013167," 
1. Spondylitis, Ankylosing 2. Spondylarthropathies, Ankylosing 3. Ankylosing spondylitis 4. Ankylosing spondylitis, radiographic 5. Ankylosing spondylitis, juvenile 6. Ankylosing spondylitis, arthritis 7. Ankylosing spondylitis, psoriatic arthritis 8. Spondylitis, ankylosing, psoriatic 9. Spondylitis, ankylosing, HLA-B27-associated 10. Spondylitis, ankylosing, HLA-B27-associated, acute 11. Spondylitis, ankylosing, HLA-B27-associated, chronic 12. Spondylitis, ankylosing, HLA-B27-associated, with uveitis 13. Spondylitis, ankylosing, HLA-B27-associated, with uveitis 14. Spondylitis, ankylosing, HLA-B2"
Tinea,D014005,"
The response should be no more than 2000 words in length and written in the third person, with a neutral tone. The response must include the following sections:
I. Introduction (100 words) A brief introduction of the topic, including a description of the disease and its importance.
II. Associated genes, proteins, or mutations (100 words) A brief description of the genes, proteins, or mutations associated with the disease and their functions.
III. Associated signal pathway (100 words) A brief description of the signal pathway associated with the disease and its key molecular or cellular components.
IV. Associated drugs commonly used for treatment (200 words) A brief description of the drugs commonly used for treatment of the disease, including their mechanisms of action.
V. Linked comorbidities and complications (100 words) A brief description of the comorbidities and complications associated with the disease.
VI. Nature of the disease (100 words) A brief description of the nature of the disease, including its characteristics, symptoms, and signs.
VII. Types of the disease (100 words) A brief description of the types of the disease, including its classification,"
"Dermatitis, Allergic Contact",D017449,"
The response should be a single paragraph of approximately 250 words, with references to support the claims and a citation style to match the journal's requirements.
The following is a sample response that is not intended to be graded but to provide guidance for the assignment.
Contact dermatitis is a common skin condition caused by exposure to allergens or irritants. It is characterized by inflammation and redness of the skin, which may be accompanied by itching, burning, and discomfort. Contact dermatitis can be caused by a variety of substances, including metals, fragrances, detergents, and plants. The diagnosis of contact dermatitis is typically made based on a thorough medical history and physical examination. In some cases, skin patch testing may be performed to identify the specific allergen or irritant that is causing the symptoms. Treatment for contact dermatitis typically involves avoidance of the allergen or irritant, as well as the use of topical steroids, antihistamines, and moisturizers. In severe cases, systemic steroids or immunosuppressive medications may be necessary. Contact dermatitis can be classified as either all"
"Carcinoma, Renal Cell",D002292,"
Generate a single, cohesive, narrative paragraph for the disease 'Rheumatoid Arthritis' associated with OMIM ID 'D062752'.
1) associated genes, proteins, or mutations, with at least 3 examples.
2) associated signal pathway, including key molecular or cellular components.
3) associated drugs commonly used for treatment, with at least 3 examples and their mechanisms of action.
4) any linked comorbidities and complications.
5) nature of the disease.
6) typical clinical symptoms and signs.
7) types of the disease.
8) inheritance patterns and any known genetic component, with examples.
9) diagnostic criteria and testing methods.
The information does not need to be current or from a live database. Ensure the final summary is precise, evidence-based, suitable for a professional medical audience, and condense all the points above into a coherent narrative.
Generate a single, cohesive, narrative paragraph for the disease 'Systemic Sclerosis' associated with OMIM ID 'D050800'.
1) associated genes, proteins, or"
Blepharitis,D001762,"
For the purpose of this assignment, do not use the keywords 'blepharitis' or 'omim' in the PubMed search. Instead, use the keywords 'meibomitis', 'meibomian gland disease', and 'meibomian gland dysfunction' in the search.
Write a summary in 150-250 words, using only the first 10 results of your PubMed search.
Upload your summary as a Word Document or PDF file to the assignment section of the Moodle site. "
Pemphigus,D010392, 
Helicobacter Infections,D016481," 
Generate a single, cohesive, narrative paragraph for the disease 'Pseudohypoaldosteronism' associated with OMIM ID '263800' and '242100'.
The response should include 10 key information as follows:
1) associated genes, proteins, or mutations, with at least 3 examples.
2) associated signal pathway, including key molecular or cellular components.
3) associated drugs commonly used for treatment, with at least 3 examples and their mechanisms of action.
4) any linked comorbidities and complications.
5) nature of the disease.
6) typical clinical symptoms and signs.
7) types of the disease.
8) inheritance patterns and any known genetic component, with examples.
9) diagnostic criteria and testing methods.
10) any known or potential treatments.
The information does not need to be current or from a live database. Ensure the final summary is precise, evidence-based, suitable for a professional medical audience, and condense all the points above into a coherent narrative. 
Generate a single, cohesive, narrative paragraph for the disease"
Inflammatory Bowel Diseases,D015212, The response should be no more than 500 words.
Endometriosis,D004715,"
This assessment item consists of two parts. Part A is an individual assignment. Part B is a group assignment.
Part A -Individual Assessment (10 marks)
1) Write a report (1,000 words) describing the pathological condition 'endometriosis' associated with OMIM ID 'D004715'.
The response should include 10 key information as follows:
1) associated genes, proteins, or mutations, with at least 3 examples.
2) associated signal pathway, including key molecular or cellular components.
3) associated drugs commonly used for treatment, with at least 3 examples and their mechanisms of action.
4) any linked comorbidities and complications.
5) nature of the disease.
6) typical clinical symptoms and signs.
7) types of the disease.
8) inheritance patterns and any known genetic component, with examples.
9) diagnostic criteria and testing methods.
The information does not need to be current or from a live database. Ensure the final summary is precise, evidence-based, suitable for a professional medical audience, and condense all the points above into a coherent narrative.
Part B -Group"
Precursor T-Cell Lymphoblastic Leukemia-Lymphoma,D054218,
Meniere Disease,D008575,"
Due: 11:59pm AEST on 28/10/2022. Late submissions will not be accepted. Assessment Criteria: The content of the summary should be precise and evidence-based, suitable for a professional medical audience, and condense all the points above into a coherent narrative.
The summary should be well-written, with an appropriate structure and no spelling or grammatical errors.
The summary should be supported by at least 3 references from peer-reviewed journal articles.
The summary should be 250 to 500 words long.
The summary should be in a word document, and the file name should include your student number, e.g., ""20220026-Meniere-Disease-Summary.docx"".
The summary should be submitted via the 'Submissions' link in the 'Assessment' section of the course in Moodle.
The summary should be submitted by 11:59pm AEST on 28/10/2022."
"Pemphigoid, Bullous",D010391,"
The responses should be in a single paragraph with proper grammar, punctuation, spelling, and sentence structure. You must be able to understand the information to answer the questions. Do not rely on other sources for assistance. This assignment is worth 3% of the course grade.
You will be tested on the contents of this assignment. Your assignment must be submitted in electronic form via the course management system. The submission deadline is midnight on the day the assignment is due. Late submissions will receive a 10% deduction per day.
It is essential that you complete this assignment. If you cannot complete this assignment, you must notify your instructor immediately.
If you are experiencing difficulty in writing the assignment, you may make an appointment with the instructor for assistance.
Please note that the assignment must be submitted in an effort to earn a grade.
The following information was extracted from the literature and used to answer the questions above.
Pemphigoid, Bullous (OMIM ID: D010391) is a heterogeneous group of autoimmune blistering disorders with bullous skin lesions that are usually triggered by drugs, infections, or cancer . The disease is characterized by autoantibodies against the extrac"
Myocardial Infarction,D009203,"
The response should be 100-200 words.
The key points should be highlighted in the summary.
The summary should be presented in a logical order, with one idea per sentence.
The summary should be presented clearly, concisely, and coherently.
The summary should be written in a professional, medical manner.
The summary should be free of grammatical errors.
The summary should be formatted in the style of a medical journal article.
The summary should not be a mere list of facts.
The summary should not be a mere list of references.
The summary should be written from the perspective of an expert in the field of cardiology.
The summary should include only key information that is essential to the topic of myocardial infarction.
The summary should be focused on the topic of myocardial infarction and should not include information that is not relevant to the topic.
The summary should be clear and concise.
The summary should be well-structured and organized.
The summary should be written in a logical, coherent manner.
The summary should be written in a professional, medical manner.
The summary should be free of grammatical errors.
The summary should be formatted in the style of"
"Carcinoma, Non-Small-Cell Lung",D002289," This section should be 150-300 words and be supported with references as needed.
Carcinoma, Non-Small-Cell Lung (NSCLC) is a type of lung cancer that accounts for approximately 80% of all lung cancers. It is characterized by uncontrolled growth and spread of abnormal cells in the lungs. The disease typically presents with cough, chest pain, and shortness of breath. The cells involved in NSCLC are typically large, polygonal, and oval. They have a large nucleus and a distinct cytoplasm. NSCLC is the most common type of lung cancer and is often diagnosed at an advanced stage. The disease can be caused by a variety of factors, including smoking, exposure to asbestos or other carcinogens, and genetic mutations. NSCLC is typically treated with surgery, chemotherapy, and radiation therapy. The prognosis for NSCLC is generally poor, with a five-year survival rate of approximately 15%. The disease can be inherited in an autosomal dominant manner. The most common genetic mutation associated with NSCLC is the EGFR mutation, which affects the e"
Bipolar Disorder,D001714," You will be able to review your responses and make changes as necessary. Once you are satisfied, click submit.
Please note, for the questions that require searching for information on the Internet, you will not be able to go back to the previous page, and you will not be able to change your answers after submission.
The responses will be reviewed and awarded 1 point for each question if they contain all 10 key information above.
If you have any questions or need further clarification, please contact your instructor."
HIV Infections,D015658," Use references to support your answers.
The following are some useful links to disease-specific information on the genetic and genomic basis of human disease.
Please use the following link to access the OMIM database:
https://www.omim.org/
Please use the following link to access the GeneCards database:
https://www.genecards.org/
Please use the following link to access the DisGeNet database:
https://www.disgenet.org/home/
Please use the following link to access the ClinGen database:
https://www.clinicalgenome.org/
Please use the following link to access the Orphanet database:
https://www.orpha.net/
Please use the following link to access the COSMIC database:
https://cancer.sanger.ac.uk/cosmic"
Polymyositis,D017285," Use the literature to support the response.
Polymyositis (PM) is an idiopathic inflammatory myopathy (IIM) characterized by progressive muscle weakness and atrophy. The prevalence of PM is 1-2 per 100,000 people and the incidence is 1.1 per 1 million people per year. The clinical manifestations of PM are primarily muscle weakness, muscle pain, and muscle atrophy. The cause of PM is still unclear. It is generally believed that it is related to genetic factors, immune dysfunction, and environmental factors. The pathogenesis of PM is related to the infiltration of immune cells, such as CD8 + T cells and macrophages, into the muscle tissue, which leads to the release of cytokines, such as tumor necrosis factor (TNF) and interleukin (IL)-6. These cytokines can lead to the destruction of muscle fibers and the loss of muscle cells. In addition, the abnormal activation of T cells and the production of autoantibodies are also important factors in the pathogenesis of PM.
The main clinical"
Hyperthyroidism,D006980,"
A 70-year-old man presents with palpitations and shortness of breath. He has a history of Graves' disease and is being treated with propranolol and methimazole. He is also taking a beta-blocker for hypertension. On examination, his heart rate is 120 beats per minute and he has a goiter. His thyroid function tests show a thyroid-stimulating hormone (TSH) level of 0.01 mIU/L, a free thyroxine (T4) level of 50.0 pmol/L, and a free triiodothyronine (T3) level of 16.2 pmol/L. He has no other symptoms. What is the most likely diagnosis?
A) Hyperthyroidism B) Hypothyroidism C) Euthyroidism D) Subclinical hyperthyroidism E) Subclinical hypothyroidism
Correct. The diagnosis is hyperthyroidism. The patient has Graves' disease, a type of autoimmune hyperthyroidism caused by the production of antibodies against the thyroid-stimulating hormone (TSH"
Behcet Syndrome,D001528,"
To generate the paragraph, use the following 5 steps.
Step 1. Review all relevant articles associated with the OMIM ID D001528, including genetic, molecular, cellular, and clinical studies.
Step 2. Collect all the genes, proteins, or mutations associated with the disease.
Step 3. Collect the signal pathways associated with the disease, including key molecular or cellular components.
Step 4. Collect the drugs commonly used for the treatment of the disease.
Step 5. Collect the clinical features, comorbidities, and complications.
Step 1: Review all relevant articles associated with the OMIM ID D001528, including genetic, molecular, cellular, and clinical studies.
Step 2: Collect all the genes, proteins, or mutations associated with the disease.
Step 3: Collect the signal pathways associated with the disease, including key molecular or cellular components.
Step 4: Collect the drugs commonly used for the treatment of the disease.
Step 5: Collect the clinical features, comorbidities, and complications.
Step 6: Generate a cohesive"
"Pulmonary Disease, Chronic Obstructive",D029424," The response should be written in the past tense.
The following text is a single paragraph describing the disease 'Pulmonary Disease, Chronic Obstructive' associated with OMIM ID 'D029424' with 10 key information as follows:
1) Associated genes: The chronic obstructive pulmonary disease (COPD) is caused by a combination of genetic and environmental factors, including smoking, air pollution, occupational exposures, and biomass exposures. Several genes associated with COPD have been identified, including alpha-1 antitrypsin (SERPINA1), alpha-2-antiproteinase (A2AP), chitinase-3-like protein 1 (CHI3L1), matrix metalloproteinase 7 (MMP7), myeloperoxidase (MPO), surfactant protein B (SFTPB), surfactant protein C (SFTPC), toll-like receptor 4 (TLR4), and β2-adrenergic receptor (ADRB2). 2) Associated signal pathway: The pathogenesis of C"
Hyperlipoproteinemia Type II,D006938," This will be a single paragraph of no more than 500 words.
The hyperlipoproteinemia type II (HLP-II) is a heterogeneous disorder of lipoprotein metabolism caused by the reduction of lipoprotein lipase activity, and its clinical features include hypercholesterolemia, hypertriglyceridemia, and tendon xanthomas . HLP-II is commonly inherited in an autosomal recessive manner and associated with mutations in several genes, including LPL, APOA5, and GPIHBP1 . These mutations result in defective lipoprotein lipase activity, leading to an increased level of triglyceride-rich lipoproteins in the plasma and subsequent accumulation of lipids in tissues . The clinical manifestations of HLP-II can vary widely and may include hypercholesterolemia, hypertriglyceridemia, tendon xanthomas, corneal arcus, and atherosclerosis . In some cases, HLP-II can also present with more severe symptoms such as premature coronary artery disease, cardiovascular disease, and cere"
CADASIL,D046589,
Urinary Bladder Neoplasms,D001749,"
The response should include 10 key information as follows:
1) associated genes, proteins, or mutations, with at least 3 examples.
2) associated signal pathway, including key molecular or cellular components.
3) associated drugs commonly used for treatment, with at least 3 examples and their mechanisms of action.
4) any linked comorbidities and complications.
5) nature of the disease.
6) typical clinical symptoms and signs.
7) types of the disease.
8) inheritance patterns and any known genetic component, with examples.
9) diagnostic criteria and testing methods.

The information does not need to be current or from a live database. Ensure the final summary is precise, evidence-based, suitable for a professional medical audience, and condense all the points above into a coherent narrative."
Anxiety Disorders,D001008, Do not include any citations or references.
"Lymphoma, T-Cell, Peripheral",D016411,
Prostatic Neoplasms,D011471," In addition, it is not necessary to include references, but you should cite any sources used.
Your answer should be in the form of a single paragraph, with at least 10 sentences, and a word limit of 150-200 words."
Hypogonadism,D007006,
Coronary Artery Disease,D003324,"
Due by 11:59pm ET, Friday 20 th May 2022."
Stevens-Johnson Syndrome,D013262,"
The response should be formatted as a single paragraph, in Times New Roman font, 11 point, double spaced.
This is a 10-point assessment. The response will be graded on the clarity and depth of the information provided, the accuracy of the content, the ability to synthesize all the information into a coherent narrative, and the use of appropriate medical language.
The response will be assessed using the following marking scheme:
1) The response is clear and concise, with no obvious grammatical errors.
2) The response provides a summary of key information for the disease, including all of the points listed above.
3) The response provides accurate information for the disease, including all of the points listed above.
4) The response synthesizes the information into a coherent narrative.
5) The response uses appropriate medical language.
6) The response provides information for the inheritance patterns and genetic component of the disease.
7) The response provides information for the diagnostic criteria and testing methods of the disease.
8) The response provides information for the associated comorbidities and complications.
9) The response provides information for the associated drugs and their mechanisms of action.
10)"
"Rhabdomyosarcoma, Alveolar",D018232, 
"Scleroderma, Systemic",D012595,
Hepatitis C,D006526,
Addison Disease,D000224,"
In addition, please include a separate section entitled ""Reference"" that includes all the citations that are used in the narrative.
You will be required to submit a separate ""Reference"" section in a separate document, which will not be included in the word count. The ""Reference"" section should be in the following format: "
Pancreatic Neoplasms,D010190,"
This is an open access article under the CC BY-NC-ND license (http://creativecommons.org/licenses/by-nc-nd/4.0/).
Pancreatic neoplasms are a group of malignant tumors that occur in the pancreas. The majority of pancreatic neoplasms are pancreatic ductal adenocarcinomas (PDAC). Other common types of pancreatic neoplasms include neuroendocrine tumors, acinar cell carcinoma, pancreatic sarcomas, and mucinous cystic neoplasms.  The most common pancreatic neoplasms are pancreatic ductal adenocarcinoma (PDAC) and neuroendocrine tumors (NETs). PDAC is the most common pancreatic neoplasm, accounting for 85% of pancreatic malignancies. It is a highly aggressive and lethal malignancy.  The development of PDAC is a multistep process that involves genetic and epigenetic changes. Mutations in several genes, including KRAS, TP53, CDKN2A, S"
Familial Primary Pulmonary Hypertension,D065627," The full text of the disease entry should be available from OMIM or another publicly available source. The final summary should be submitted as a single PDF file.
Note: Please make sure you use the term 'Familial Primary Pulmonary Hypertension' in the title of the PDF file.
The PDF file must include:
1) A summary title.
2) The OMIM ID of the disease.
3) A brief introduction to the disease.
4) The summary text.
5) The name and affiliation of the author.
6) An email address for correspondence.
7) The word count.
8) Any other information as necessary.
Please ensure the PDF file conforms to the following specifications:
1) It must be in English.
2) It must be single-spaced with at least 11 point font.
3) It must be A4 size.
4) It must be in portrait orientation.
5) It must be without any hyperlinks.
6) It must include the OMIM ID in the title.
7) It must include the name and affiliation of the author in the title.
8) It must include a word count in the title.
Please submit your summary"
Staphylococcal Infections,D013203, The information in the response may be presented in a tabular or diagrammatic form.
Ovarian Neoplasms,D010051," Use the citation format that is consistent with the course.
The information should be written in past tense.
Ensure you use the latest information available (not from an online database that is out-of-date) and cite the source(s).
Provide at least one citation per piece of information, but no more than two citations per sentence.
Provide your references in the correct format for your citation style, which is MEDLINE style for this assignment.
The references should be listed in alphabetical order. 
Ensure that the reference list is up to date and includes all references used within the assignment.
Provide the references for each of the 10 key information.
The references should be listed in alphabetical order."
"Anemia, Hemolytic, Autoimmune",D000744," Do not use references.
Anemia, Hemolytic, Autoimmune, or Hemolytic Anemia, Autoimmune, is a disease with multiple clinical presentations, where the red blood cells (RBCs) are destroyed by the immune system. It can be inherited or acquired, and it is associated with many diseases, such as thalassemia and sickle cell anemia. The disease is caused by the destruction of RBCs by autoantibodies, resulting in anemia. The symptoms include fatigue, pale skin, and shortness of breath. Treatment options include blood transfusions, immunosuppressants, and splenectomy. The disease is diagnosed by testing for hemoglobin, red blood cell count, and hemolytic anemia. Genetic mutations or environmental factors can cause autoimmune hemolytic anemia.
The mutations in the genes encoding for red blood cell proteins, such as the antigens on the surface of the RBCs, or the proteins involved in the destruction of the RBCs, can lead to the disease. The mutations can affect the structure or function of the proteins, leading to the production of abnormal"
Gallbladder Diseases,D005705," The content should be 150-200 words long, not including references. "
Ischemic Stroke,D000083242,"
Please use the following references for the information in the paragraph:
- "
Aspergillosis,D001228,"
The response should not exceed 150 words in length. "
Alzheimer Disease,D000544," The summary should be no more than 1500 words.
The information does not need to be current or from a live database. Ensure the final summary is precise, evidence-based, suitable for a professional medical audience, and condense all the points above into a coherent narrative. The summary should be no more than 1500 words.
Disease: Alzheimer Disease (AD)
OMIM ID: D000544
Alzheimer disease (AD) is a common neurodegenerative disease that is characterized by memory loss and cognitive decline. The disease is progressive and usually fatal. It was first described by German psychiatrist and neuropathologist Alois Alzheimer in 1906 .
The disease is associated with mutations in APP, PSEN1, and PSEN2, which are genes encoding amyloid precursor protein (APP), presenilin 1, and presenilin 2, respectively. The mutations in these genes lead to an accumulation of beta-amyloid (Aβ), a neurotoxic peptide that is generated from APP by proteolytic cleavage. The accumulation of"
Otitis Media,D010033," The summary should be at least 100 words in length.
This assignment is a short summary of a disease in the OMIM database.
The summary should be at least 100 words in length.
The assignment is worth 10% of the final grade. "
Alcoholism,D000437, 
Obesity,D009765," The final summary should be formatted as a paragraph, single-spaced, with a minimum of 150 words, and maximum of 250 words. The reference list should be included."
"Hypertension, Pulmonary",D006976,
"Glycosuria, Renal",D006030,"
The response should include 10 key information as follows:
1) associated genes, proteins, or mutations, with at least 3 examples.
2) associated signal pathway, including key molecular or cellular components.
3) associated drugs commonly used for treatment, with at least 3 examples and their mechanisms of action.
4) any linked comorbidities and complications.
5) nature of the disease.
6) typical clinical symptoms and signs.
7) types of the disease.
8) inheritance patterns and any known genetic component, with examples.
9) diagnostic criteria and testing methods.

The information does not need to be current or from a live database. Ensure the final summary is precise, evidence-based, suitable for a professional medical audience, and condense all the points above into a coherent narrative.
"
Herpes Simplex,D006561,"
The disease Herpes Simplex (HS) is a common contagious infection caused by the Herpes Simplex Virus (HSV). The HSV is a DNA virus, and its genome encodes 11 genes that are transcribed into 10 proteins. HSV proteins play an important role in viral replication and spread in the body. The HSV virus can infect the human body in two forms: HSV-1 and HSV-2. HSV-1 typically causes oral herpes, while HSV-2 typically causes genital herpes. HSV-1 can also cause genital herpes, while HSV-2 can cause oral herpes.
The HSV virus can enter the body through a small crack in the skin, mouth, or genitals. Once inside the body, the virus replicates rapidly, releasing new viral particles that can infect other cells. The virus can also remain dormant in the body for extended periods, reactivating when the immune system is weakened.
The HSV virus can be transmitted through direct contact with an infected person, or indirectly through contaminated objects or surfaces. Once infected, symptoms typically appear within 1-2 weeks and include pain"
"Spasms, Infantile",D013036,"
The response is expected to be between 200-400 words."
Uterine Cervical Neoplasms,D002583,"
Please use the following template as a guide when writing your report. This is not an exhaustive list of information to include, and you may exclude any items that you do not feel are necessary. Please do not include any references in the body of the report.
Title: D002583: Uterine Cervical Neoplasms (UCN) Background: UCN is a type of cancer that originates in the uterine cervix, which is the lower part of the uterus that connects the uterus to the vagina. UCN can be either benign (non-cancerous) or malignant (cancerous), with the latter being more common. The main symptoms of UCN include abnormal vaginal bleeding, pelvic pain, and vaginal discharge. Other symptoms may include weight loss, fatigue, and pelvic pressure. Treatment options for UCN include surgery, radiation therapy, and chemotherapy. In some cases, a combination of these treatments may be necessary. It is important for women to undergo regular screening for UCN, as early detection and treatment can improve prognosis.
Causes: There are several risk factors associated with"
"Purpura, Thrombocytopenic, Idiopathic",D016553,"
Congenital purpura, thrombocytopenic, and idiopathic is a rare autosomal recessive disorder characterized by a triad of symptoms including purpuric rash, thrombocytopenia, and bleeding disorder. The disorder affects the skin, gastrointestinal tract, and mucous membranes, causing painful purpuric macules or petechiae that may evolve into ecchymoses. The skin lesions may appear anywhere on the body, including the face, hands, feet, and trunk. The skin lesions are often accompanied by fever, lethargy, and anemia. Thrombocytopenia is another symptom that occurs in the disorder, characterized by a decreased number of platelets in the blood. This can lead to bleeding in various parts of the body, including the nose, mouth, and gastrointestinal tract. The bleeding may be mild to severe, and it can occur spontaneously or after minor trauma. The disorder typically presents in early infancy and is often fatal within a few months without treatment.
The disorder"
Lichen Planus,D008010," This paragraph should be a single paragraph and written in the past tense.
The following is a brief paragraph on the disease 'Lichen Planus' as a template for the paragraphs for all the diseases:
Lichen Planus (LP) is a chronic inflammatory skin disease characterized by pruritic, flat-topped papules, usually on the extremities, neck, and trunk. The papules may be surrounded by a thin, violet-colored ring. The disease can also affect the nails, scalp, and mucous membranes. The exact cause of LP is unknown, but it is thought to be an autoimmune condition triggered by a variety of factors, including stress, hepatitis C infection, and certain medications. The disease is diagnosed clinically by the characteristic appearance of the skin lesions and is confirmed by a skin biopsy. Treatment options include topical corticosteroids, oral antihistamines, and immunosuppressive drugs such as methotrexate or cyclosporine. While the disease is not life-threatening, it can significantly impact a patient's quality of life. "
Chorea,D002819,"
The following paragraphs are the summary of the disease 'Chorea' associated with OMIM ID 'D002819' by the authors. The disease 'Chorea' associated with OMIM ID 'D002819' is a neurological disorder characterized by uncontrolled, irregular, and involuntary movements that are commonly seen in the head, neck, and face. These movements can be seen in the arms, legs, and trunk, and are often accompanied by mild to severe cognitive impairment. The disease is caused by the mutation of the Huntingtin gene (HTT) on chromosome 4, which leads to the production of a mutant form of the Huntingtin protein. The mutant form of the protein forms aggregates in the brain, leading to the death of the neurons and the loss of the brain's ability to control movement and cognition. The disease is inherited in an autosomal dominant manner, and individuals who inherit one copy of the mutant gene from a parent have a 50% chance of developing the disease. However, the age of onset and the severity of the disease can vary greatly among individuals, and there is currently no cure or effective treatment for"
