Drug,Disease
5,0
836,0
915,0
1,1
2,1
4,1
5,1
10,1
17,1
20,1
22,1
23,1
28,1
33,1
42,1
49,1
51,1
77,1
100,1
107,1
112,1
116,1
117,1
138,1
148,1
159,1
160,1
183,1
186,1
203,1
204,1
205,1
216,1
219,1
221,1
229,1
230,1
233,1
238,1
240,1
252,1
260,1
282,1
292,1
296,1
300,1
304,1
306,1
318,1
320,1
321,1
335,1
356,1
367,1
370,1
376,1
379,1
390,1
403,1
414,1
417,1
421,1
428,1
441,1
451,1
456,1
464,1
466,1
475,1
491,1
496,1
502,1
510,1
521,1
522,1
524,1
531,1
532,1
549,1
552,1
566,1
567,1
582,1
602,1
605,1
635,1
638,1
639,1
645,1
646,1
649,1
651,1
656,1
694,1
696,1
707,1
716,1
719,1
730,1
732,1
748,1
766,1
806,1
809,1
812,1
823,1
836,1
842,1
845,1
847,1
859,1
862,1
874,1
881,1
886,1
887,1
891,1
898,1
901,1
907,1
908,1
910,1
911,1
915,1
917,1
928,1
931,1
948,1
956,1
959,1
962,1
970,1
971,1
981,1
986,1
1029,1
1035,1
1036,1
1038,1
1039,1
1043,1
1044,1
1045,1
1050,1
1054,1
1056,1
356,2
403,2
638,2
661,2
1038,2
1039,2
55,3
93,3
94,3
106,3
215,3
338,3
393,3
442,3
511,3
538,3
985,3
28,4
79,4
105,4
120,4
140,4
170,4
199,4
242,4
263,4
312,4
325,4
335,4
393,4
441,4
444,4
448,4
501,4
515,4
554,4
568,4
585,4
594,4
620,4
643,4
655,4
657,4
779,4
900,4
130,5
143,5
170,5
283,5
445,5
627,5
157,6
272,6
457,6
33,7
532,7
577,7
590,7
638,7
877,7
898,7
957,7
1046,7
265,8
301,8
221,9
233,9
451,9
768,9
1056,9
120,10
243,10
287,10
380,10
489,10
634,10
821,10
919,10
1021,10
1022,10
68,11
233,11
49,12
55,12
191,12
243,12
325,12
568,12
631,12
900,12
83,13
93,13
285,13
294,13
733,13
743,13
94,14
95,14
369,14
373,14
451,14
543,14
587,14
598,14
773,14
1056,14
4,15
17,15
22,15
33,15
36,15
42,15
54,15
63,15
83,15
93,15
94,15
95,15
97,15
106,15
116,15
160,15
180,15
184,15
190,15
194,15
205,15
215,15
221,15
230,15
233,15
247,15
254,15
262,15
270,15
275,15
276,15
283,15
296,15
306,15
313,15
315,15
321,15
326,15
335,15
342,15
382,15
385,15
392,15
417,15
428,15
453,15
475,15
487,15
501,15
511,15
521,15
531,15
535,15
538,15
562,15
563,15
587,15
626,15
638,15
665,15
673,15
707,15
709,15
720,15
729,15
734,15
738,15
757,15
770,15
777,15
804,15
832,15
849,15
855,15
868,15
873,15
876,15
922,15
955,15
959,15
1043,15
1044,15
1045,15
1046,15
1054,15
100,16
117,16
170,16
181,16
233,16
329,16
333,16
369,16
656,16
774,16
797,16
4,17
47,17
69,17
139,17
226,17
259,17
323,17
421,17
570,17
588,17
600,17
652,17
22,18
45,18
50,18
54,18
81,18
118,18
187,18
198,18
221,18
233,18
245,18
296,18
307,18
315,18
358,18
372,18
406,18
417,18
436,18
451,18
463,18
484,18
492,18
494,18
504,18
552,18
585,18
632,18
633,18
638,18
673,18
679,18
725,18
755,18
762,18
775,18
787,18
789,18
820,18
912,18
944,18
1008,18
1037,18
1046,18
1056,18
10,19
17,19
18,19
33,19
51,19
73,19
89,19
105,19
107,19
117,19
159,19
200,19
203,19
219,19
229,19
230,19
282,19
306,19
320,19
348,19
357,19
370,19
371,19
396,19
414,19
415,19
459,19
464,19
491,19
496,19
502,19
508,19
533,19
564,19
566,19
586,19
624,19
635,19
638,19
639,19
646,19
656,19
694,19
700,19
716,19
747,19
806,19
809,19
842,19
862,19
885,19
901,19
907,19
910,19
911,19
959,19
1035,19
10,20
19,20
22,20
32,20
42,20
62,20
95,20
117,20
147,20
151,20
170,20
290,20
296,20
298,20
299,20
321,20
324,20
367,20
421,20
428,20
464,20
465,20
485,20
521,20
530,20
552,20
563,20
585,20
599,20
635,20
643,20
694,20
763,20
800,20
854,20
892,20
1035,20
12,21
19,21
22,21
34,21
42,21
65,21
76,21
79,21
124,21
143,21
166,21
171,21
173,21
200,21
210,21
212,21
294,21
312,21
319,21
321,21
343,21
355,21
357,21
359,21
408,21
413,21
428,21
448,21
450,21
496,21
497,21
535,21
543,21
545,21
568,21
609,21
616,21
620,21
634,21
639,21
641,21
657,21
671,21
672,21
695,21
737,21
752,21
754,21
762,21
782,21
818,21
974,21
1036,21
1055,21
1,22
10,22
13,22
17,22
19,22
22,22
24,22
28,22
29,22
30,22
31,22
34,22
35,22
36,22
42,22
47,22
49,22
50,22
55,22
56,22
58,22
64,22
67,22
68,22
71,22
76,22
78,22
79,22
81,22
83,22
86,22
88,22
93,22
94,22
95,22
101,22
104,22
105,22
106,22
111,22
113,22
114,22
115,22
117,22
119,22
120,22
121,22
124,22
129,22
131,22
140,22
143,22
145,22
151,22
153,22
155,22
156,22
157,22
161,22
162,22
165,22
166,22
170,22
171,22
173,22
177,22
180,22
191,22
192,22
194,22
197,22
199,22
200,22
201,22
203,22
205,22
208,22
210,22
215,22
217,22
218,22
219,22
223,22
230,22
235,22
242,22
243,22
248,22
252,22
253,22
254,22
263,22
266,22
283,22
286,22
287,22
291,22
294,22
296,22
299,22
306,22
309,22
312,22
315,22
316,22
319,22
321,22
322,22
325,22
327,22
332,22
335,22
341,22
344,22
349,22
352,22
353,22
355,22
356,22
359,22
361,22
364,22
365,22
372,22
375,22
378,22
380,22
382,22
388,22
389,22
391,22
393,22
395,22
396,22
401,22
403,22
407,22
408,22
411,22
417,22
421,22
426,22
430,22
437,22
440,22
441,22
442,22
444,22
446,22
447,22
448,22
450,22
453,22
454,22
459,22
460,22
464,22
470,22
473,22
475,22
476,22
478,22
480,22
486,22
489,22
491,22
492,22
496,22
497,22
501,22
506,22
510,22
515,22
516,22
528,22
529,22
533,22
538,22
545,22
546,22
547,22
551,22
552,22
553,22
554,22
561,22
565,22
568,22
572,22
578,22
585,22
589,22
594,22
600,22
603,22
604,22
608,22
612,22
617,22
618,22
620,22
623,22
626,22
631,22
633,22
634,22
638,22
639,22
640,22
641,22
642,22
643,22
644,22
647,22
653,22
655,22
657,22
671,22
672,22
674,22
677,22
687,22
688,22
689,22
690,22
691,22
692,22
695,22
697,22
711,22
716,22
734,22
735,22
736,22
737,22
744,22
745,22
752,22
754,22
759,22
760,22
761,22
762,22
763,22
776,22
777,22
779,22
786,22
791,22
802,22
803,22
810,22
814,22
816,22
817,22
821,22
827,22
839,22
844,22
853,22
858,22
864,22
865,22
870,22
873,22
887,22
889,22
894,22
896,22
900,22
902,22
903,22
905,22
906,22
919,22
921,22
923,22
926,22
927,22
932,22
953,22
959,22
973,22
975,22
982,22
989,22
996,22
1001,22
1002,22
1006,22
1011,22
1015,22
1018,22
1021,22
1022,22
1024,22
1025,22
1030,22
1035,22
1036,22
1037,22
1038,22
1039,22
1043,22
1044,22
1045,22
1046,22
1054,22
22,23
29,23
30,23
31,23
34,23
49,23
78,23
81,23
86,23
93,23
105,23
117,23
120,23
140,23
145,23
156,23
157,23
166,23
171,23
183,23
190,23
192,23
194,23
199,23
200,23
203,23
205,23
208,23
218,23
235,23
242,23
247,23
252,23
262,23
266,23
287,23
291,23
299,23
315,23
319,23
325,23
335,23
344,23
352,23
355,23
356,23
359,23
361,23
364,23
372,23
376,23
380,23
401,23
403,23
417,23
421,23
450,23
453,23
470,23
475,23
476,23
489,23
494,23
495,23
496,23
515,23
516,23
528,23
529,23
532,23
538,23
545,23
549,23
561,23
568,23
578,23
594,23
608,23
631,23
633,23
634,23
638,23
639,23
641,23
644,23
647,23
657,23
674,23
691,23
695,23
748,23
754,23
761,23
762,23
776,23
810,23
814,23
816,23
817,23
821,23
830,23
853,23
864,23
873,23
887,23
900,23
903,23
905,23
921,23
973,23
975,23
1011,23
1021,23
1022,23
1030,23
1036,23
1037,23
1038,23
1039,23
1043,23
1044,23
1045,23
1054,23
16,24
561,25
259,26
323,26
42,27
729,27
922,27
1036,27
294,28
351,28
393,28
504,28
631,28
45,29
83,29
4,30
33,30
45,30
185,30
198,30
220,30
296,30
315,30
492,30
504,30
632,30
638,30
1047,30
4,31
33,31
45,31
185,31
198,31
220,31
296,31
315,31
321,31
488,31
492,31
504,31
625,31
632,31
638,31
856,31
1047,31
68,32
83,32
95,32
296,32
417,32
475,32
511,32
709,32
1043,32
1044,32
1045,32
1054,32
131,33
410,33
625,33
865,33
38,34
69,34
139,34
226,34
259,34
297,34
323,34
570,34
588,34
726,34
11,35
22,35
51,35
100,35
107,35
131,35
152,35
160,35
183,35
205,35
230,35
234,35
320,35
328,35
335,35
348,35
403,35
415,35
435,35
466,35
498,35
502,35
509,35
628,35
635,35
696,35
729,35
812,35
922,35
194,36
1011,37
428,38
524,38
635,38
716,38
908,38
136,39
139,39
202,39
224,39
233,39
247,39
259,39
323,39
359,39
394,39
417,39
475,39
564,39
638,39
923,39
954,39
1043,39
1044,39
1045,39
1054,39
51,40
160,40
348,40
415,40
635,40
157,41
366,42
393,42
530,42
531,42
631,42
693,42
366,43
530,43
531,43
693,43
106,44
456,45
607,45
651,45
694,45
748,45
247,46
38,47
568,47
600,47
5,48
7,48
14,48
17,48
20,48
33,48
49,48
57,48
63,48
91,48
93,48
94,48
100,48
107,48
112,48
117,48
148,48
183,48
203,48
205,48
229,48
230,48
238,48
274,48
306,48
323,48
326,48
370,48
405,48
464,48
466,48
486,48
502,48
531,48
549,48
563,48
566,48
590,48
645,48
656,48
693,48
694,48
716,48
781,48
801,48
887,48
959,48
970,48
499,49
4,50
10,50
14,50
19,50
20,50
38,50
39,50
45,50
49,50
50,50
51,50
53,50
60,50
73,50
95,50
98,50
105,50
106,50
108,50
109,50
117,50
119,50
127,50
134,50
144,50
145,50
151,50
165,50
178,50
182,50
184,50
193,50
198,50
200,50
203,50
205,50
213,50
219,50
221,50
226,50
233,50
244,50
246,50
249,50
255,50
259,50
262,50
265,50
270,50
272,50
275,50
276,50
288,50
294,50
296,50
301,50
305,50
323,50
326,50
331,50
333,50
335,50
336,50
339,50
342,50
344,50
345,50
347,50
357,50
359,50
368,50
369,50
373,50
380,50
381,50
382,50
390,50
393,50
396,50
418,50
421,50
429,50
430,50
441,50
443,50
444,50
450,50
451,50
453,50
455,50
458,50
464,50
469,50
485,50
486,50
488,50
492,50
507,50
508,50
513,50
515,50
521,50
522,50
525,50
534,50
535,50
537,50
538,50
542,50
543,50
547,50
548,50
551,50
552,50
561,50
568,50
571,50
573,50
582,50
585,50
587,50
591,50
598,50
608,50
611,50
619,50
625,50
626,50
630,50
632,50
635,50
636,50
637,50
638,50
640,50
650,50
652,50
653,50
654,50
657,50
665,50
667,50
669,50
681,50
692,50
694,50
698,50
699,50
700,50
702,50
703,50
706,50
707,50
711,50
716,50
717,50
720,50
734,50
742,50
753,50
773,50
792,50
798,50
799,50
804,50
813,50
825,50
829,50
831,50
832,50
842,50
844,50
861,50
866,50
883,50
886,50
891,50
902,50
910,50
916,50
938,50
939,50
949,50
950,50
956,50
958,50
961,50
969,50
987,50
1013,50
1017,50
1024,50
1029,50
1035,50
1042,50
1056,50
28,51
32,51
54,51
83,51
215,51
536,51
553,51
608,51
788,51
803,51
839,51
871,51
890,51
896,51
951,51
953,51
0,52
22,52
45,52
47,52
62,52
68,52
81,52
124,52
198,52
209,52
280,52
290,52
298,52
299,52
367,52
377,52
406,52
428,52
464,52
465,52
480,52
485,52
487,52
530,52
552,52
563,52
568,52
577,52
585,52
599,52
633,52
635,52
694,52
738,52
739,52
772,52
775,52
793,52
854,52
884,52
903,52
925,52
0,53
22,53
42,53
45,53
47,53
62,53
68,53
81,53
123,53
124,53
198,53
209,53
250,53
280,53
290,53
298,53
299,53
367,53
377,53
406,53
428,53
441,53
451,53
464,53
465,53
480,53
485,53
487,53
519,53
530,53
543,53
552,53
563,53
568,53
577,53
585,53
599,53
625,53
633,53
635,53
694,53
738,53
739,53
772,53
775,53
778,53
793,53
854,53
884,53
903,53
925,53
1056,53
124,54
198,54
223,54
404,54
413,54
420,54
547,54
551,54
671,54
808,54
1014,54
194,55
378,55
590,55
638,55
944,55
221,56
373,56
543,56
681,56
773,56
187,57
417,57
638,57
755,57
1046,57
38,58
323,58
564,58
568,58
403,59
812,59
68,60
83,60
331,60
400,60
501,60
521,60
542,60
561,60
872,60
900,60
417,61
448,61
475,61
587,61
598,61
706,61
1043,61
1044,61
1045,61
1054,61
247,62
475,62
247,63
296,63
988,63
5,64
13,64
51,64
62,64
205,64
213,64
221,64
224,64
238,64
296,64
306,64
339,64
370,64
405,64
417,64
451,64
464,64
475,64
630,64
632,64
826,64
1043,64
1044,64
1045,64
1054,64
1056,64
4,65
5,65
7,65
9,65
10,65
11,65
13,65
14,65
15,65
17,65
18,65
19,65
20,65
21,65
22,65
23,65
28,65
30,65
33,65
38,65
40,65
41,65
42,65
45,65
46,65
47,65
49,65
50,65
51,65
54,65
55,65
57,65
62,65
63,65
68,65
69,65
77,65
83,65
85,65
89,65
91,65
93,65
94,65
95,65
100,65
106,65
107,65
109,65
112,65
115,65
116,65
117,65
119,65
124,65
127,65
131,65
134,65
142,65
145,65
146,65
148,65
151,65
153,65
154,65
159,65
160,65
164,65
165,65
167,65
169,65
170,65
171,65
175,65
178,65
181,65
182,65
183,65
184,65
186,65
187,65
190,65
194,65
198,65
201,65
202,65
203,65
205,65
215,65
218,65
219,65
220,65
221,65
223,65
229,65
230,65
231,65
233,65
238,65
245,65
247,65
248,65
252,65
257,65
258,65
262,65
265,65
273,65
274,65
280,65
282,65
283,65
288,65
296,65
299,65
300,65
301,65
306,65
307,65
315,65
320,65
321,65
323,65
324,65
325,65
326,65
333,65
335,65
338,65
339,65
344,65
345,65
347,65
350,65
353,65
354,65
356,65
359,65
366,65
367,65
369,65
370,65
372,65
373,65
376,65
380,65
387,65
390,65
393,65
395,65
397,65
405,65
409,65
414,65
415,65
417,65
419,65
420,65
421,65
428,65
429,65
430,65
434,65
441,65
444,65
449,65
450,65
451,65
453,65
455,65
456,65
457,65
460,65
464,65
466,65
468,65
474,65
475,65
485,65
486,65
489,65
499,65
501,65
502,65
506,65
508,65
509,65
510,65
513,65
515,65
517,65
518,65
519,65
521,65
524,65
526,65
530,65
531,65
532,65
535,65
536,65
542,65
543,65
545,65
547,65
548,65
549,65
551,65
552,65
553,65
563,65
564,65
566,65
570,65
572,65
573,65
574,65
580,65
583,65
585,65
586,65
587,65
589,65
590,65
598,65
600,65
602,65
605,65
607,65
608,65
609,65
621,65
623,65
625,65
630,65
631,65
632,65
635,65
637,65
638,65
645,65
646,65
649,65
650,65
654,65
656,65
658,65
665,65
692,65
693,65
694,65
700,65
703,65
706,65
707,65
710,65
716,65
718,65
719,65
724,65
730,65
731,65
733,65
734,65
741,65
755,65
762,65
763,65
764,65
766,65
773,65
780,65
781,65
788,65
792,65
794,65
797,65
798,65
799,65
801,65
806,65
809,65
812,65
813,65
825,65
829,65
836,65
839,65
841,65
842,65
843,65
844,65
845,65
856,65
862,65
871,65
872,65
873,65
878,65
879,65
881,65
882,65
883,65
884,65
886,65
887,65
890,65
891,65
896,65
900,65
904,65
907,65
910,65
911,65
915,65
917,65
924,65
928,65
929,65
930,65
931,65
937,65
938,65
942,65
943,65
944,65
953,65
956,65
958,65
959,65
961,65
962,65
964,65
967,65
970,65
974,65
979,65
980,65
981,65
992,65
999,65
1000,65
1007,65
1011,65
1017,65
1025,65
1027,65
1029,65
1035,65
1037,65
1039,65
1043,65
1044,65
1045,65
1046,65
1050,65
1052,65
1054,65
1056,65
5,66
7,66
10,66
11,66
14,66
17,66
20,66
22,66
23,66
28,66
33,66
42,66
49,66
51,66
55,66
57,66
63,66
68,66
77,66
89,66
91,66
93,66
94,66
100,66
106,66
107,66
112,66
116,66
117,66
131,66
142,66
145,66
148,66
159,66
160,66
171,66
175,66
183,66
186,66
187,66
201,66
203,66
205,66
219,66
221,66
229,66
230,66
231,66
238,66
247,66
274,66
282,66
296,66
300,66
301,66
306,66
323,66
324,66
326,66
367,66
370,66
372,66
376,66
380,66
390,66
397,66
414,66
415,66
421,66
428,66
429,66
441,66
451,66
456,66
464,66
466,66
486,66
502,66
508,66
509,66
510,66
521,66
524,66
531,66
532,66
547,66
549,66
551,66
552,66
563,66
564,66
566,66
580,66
585,66
589,66
590,66
602,66
605,66
607,66
632,66
635,66
638,66
645,66
646,66
649,66
654,66
656,66
658,66
692,66
693,66
694,66
706,66
707,66
716,66
719,66
730,66
731,66
764,66
766,66
780,66
781,66
801,66
806,66
809,66
812,66
836,66
839,66
841,66
842,66
845,66
862,66
878,66
881,66
886,66
887,66
891,66
907,66
910,66
911,66
915,66
917,66
924,66
928,66
931,66
942,66
953,66
956,66
959,66
962,66
964,66
967,66
970,66
981,66
1007,66
1027,66
1029,66
1035,66
1037,66
1050,66
1052,66
1056,66
92,67
380,67
538,67
572,67
828,67
863,67
41,68
93,68
118,68
178,68
294,68
325,68
391,68
463,68
504,68
679,68
743,68
133,69
252,69
4,70
69,70
123,70
185,70
271,70
335,70
356,70
421,70
545,70
547,70
551,70
570,70
648,70
720,70
1003,70
1038,70
1039,70
1047,70
93,71
264,71
283,71
325,71
357,71
394,71
417,71
424,71
475,71
479,71
514,71
609,71
638,71
833,71
840,71
846,71
993,71
1043,71
1044,71
1045,71
1046,71
1054,71
1057,71
248,72
475,72
492,72
547,72
551,72
1045,72
45,73
98,73
611,73
665,73
296,74
543,74
296,75
872,75
635,76
928,76
47,77
95,77
124,77
187,77
273,77
296,77
353,77
420,77
468,77
506,77
545,77
583,77
609,77
755,77
843,77
872,77
929,77
230,78
510,78
678,78
9,79
19,79
21,79
85,79
117,79
124,79
154,79
165,79
321,79
333,79
354,79
387,79
390,79
485,79
585,79
630,79
650,79
763,79
794,79
106,80
109,80
221,80
233,80
262,80
270,80
369,80
373,80
390,80
417,80
475,80
502,80
538,80
543,80
587,80
598,80
629,80
681,80
703,80
729,80
742,80
808,80
922,80
1043,80
1044,80
1045,80
1054,80
55,81
58,81
83,81
166,81
200,81
252,81
283,81
448,81
454,81
741,81
817,81
832,81
882,81
894,81
944,81
69,82
570,82
414,83
566,83
694,83
766,83
449,84
451,84
1056,84
42,85
87,85
100,85
146,85
206,85
308,85
356,85
395,85
417,85
422,85
445,85
475,85
557,85
563,85
598,85
614,85
753,85
1043,85
1044,85
1045,85
1054,85
169,86
239,86
45,87
87,87
146,87
205,87
308,87
417,87
445,87
475,87
836,87
855,87
1043,87
1044,87
1045,87
1054,87
116,88
180,88
262,88
283,88
673,88
738,88
757,88
875,88
955,88
187,89
755,89
236,90
428,90
146,91
164,91
236,91
252,91
296,91
348,91
417,91
428,91
475,91
613,91
656,91
694,91
1043,91
1044,91
1045,91
1054,91
508,92
705,92
4,93
16,93
17,93
19,93
33,93
42,93
59,93
83,93
95,93
97,93
105,93
106,93
124,93
133,93
146,93
151,93
156,93
185,93
187,93
199,93
222,93
252,93
254,93
272,93
285,93
294,93
296,93
299,93
320,93
324,93
325,93
350,93
353,93
357,93
360,93
366,93
367,93
380,93
388,93
391,93
393,93
394,93
408,93
457,93
464,93
465,93
480,93
496,93
515,93
521,93
531,93
538,93
583,93
586,93
611,93
620,93
621,93
627,93
629,93
638,93
640,93
665,93
729,93
743,93
755,93
863,93
922,93
948,93
995,93
1046,93
95,94
258,94
315,94
4,95
19,95
21,95
106,95
117,95
119,95
127,95
145,95
151,95
165,95
184,95
219,95
288,95
296,95
339,95
344,95
345,95
359,95
387,95
390,95
417,95
421,95
430,95
450,95
453,95
475,95
485,95
499,95
521,95
547,95
548,95
551,95
573,95
585,95
630,95
650,95
654,95
694,95
700,95
707,95
734,95
792,95
798,95
799,95
801,95
813,95
829,95
844,95
886,95
891,95
900,95
910,95
956,95
958,95
961,95
1017,95
1029,95
106,96
184,96
339,96
345,96
390,96
430,96
547,96
551,96
573,96
654,96
734,96
799,96
813,96
910,96
1017,96
1029,96
4,97
19,97
117,97
119,97
127,97
145,97
151,97
165,97
219,97
288,97
296,97
344,97
345,97
359,97
390,97
421,97
430,97
450,97
453,97
485,97
521,97
548,97
585,97
630,97
650,97
694,97
700,97
707,97
734,97
792,97
798,97
799,97
829,97
844,97
886,97
891,97
956,97
958,97
961,97
1017,97
1029,97
230,98
293,98
510,98
532,98
549,98
561,98
878,98
879,98
106,99
762,99
265,100
301,100
183,101
551,101
635,101
11,102
22,102
160,102
340,102
512,102
19,103
23,103
54,103
290,103
299,103
485,103
552,103
563,103
719,103
816,103
290,104
485,104
719,104
22,105
42,105
85,105
117,105
161,105
299,105
461,105
585,105
647,105
650,105
675,105
691,105
693,105
707,105
794,105
1016,105
1023,105
494,106
544,106
2,107
22,107
25,107
26,107
64,107
79,107
85,107
117,107
120,107
151,107
165,107
221,107
245,107
287,107
290,107
319,107
333,107
352,107
357,107
390,107
403,107
421,107
428,107
433,107
480,107
503,107
530,107
556,107
563,107
575,107
585,107
611,107
628,107
634,107
641,107
763,107
812,107
1032,107
170,108
22,109
38,109
79,109
114,109
151,109
290,109
299,109
480,109
485,109
552,109
563,109
723,109
860,109
290,110
357,111
638,111
11,112
22,112
292,112
512,112
45,113
87,113
146,113
205,113
308,113
417,113
445,113
475,113
836,113
855,113
1043,113
1044,113
1045,113
1054,113
9,114
79,114
165,114
530,114
552,114
578,114
1019,114
11,115
424,116
774,116
69,117
307,117
570,117
54,118
998,118
67,119
230,119
510,119
532,119
663,119
731,119
1,120
3,120
17,120
99,120
117,120
131,120
156,120
157,120
272,120
380,120
433,120
509,120
628,120
711,120
824,120
835,120
847,120
1,121
433,121
628,121
39,122
220,122
244,122
717,122
808,122
826,122
414,123
566,123
694,123
766,123
812,123
632,124
0,125
4,125
9,125
15,125
17,125
19,125
25,125
32,125
42,125
49,125
55,125
59,125
62,125
69,125
82,125
97,125
105,125
114,125
124,125
146,125
147,125
178,125
189,125
210,125
247,125
250,125
287,125
290,125
294,125
298,125
299,125
313,125
324,125
325,125
360,125
367,125
377,125
391,125
408,125
421,125
428,125
464,125
485,125
506,125
521,125
545,125
552,125
563,125
568,125
570,125
585,125
635,125
640,125
673,125
694,125
772,125
775,125
800,125
807,125
821,125
842,125
854,125
892,125
923,125
982,125
984,125
1021,125
1022,125
5,126
238,126
306,126
414,126
566,126
656,126
694,126
766,126
812,126
4,127
45,127
50,127
255,127
381,127
398,127
507,127
534,127
638,127
831,127
873,127
960,127
1042,127
4,128
638,128
873,128
960,128
23,129
49,129
76,129
143,129
170,129
296,129
321,129
387,129
421,129
501,129
503,129
521,129
630,129
638,129
650,129
707,129
782,129
793,129
230,130
450,130
510,130
776,130
111,131
187,131
417,131
638,131
755,131
1046,131
380,132
508,132
183,133
412,133
502,133
509,133
607,133
645,133
716,133
749,133
38,134
45,134
178,134
323,134
685,134
726,134
893,134
694,135
230,136
510,136
51,137
109,137
139,137
221,137
226,137
230,137
233,137
239,137
270,137
323,137
369,137
373,137
543,137
587,137
598,137
681,137
703,137
742,137
51,138
183,138
230,138
645,138
749,138
948,138
4,139
5,139
9,139
15,139
17,139
19,139
21,139
23,139
28,139
33,139
41,139
42,139
46,139
49,139
77,139
85,139
91,139
94,139
100,139
106,139
112,139
117,139
119,139
124,139
127,139
145,139
146,139
151,139
154,139
159,139
165,139
170,139
183,139
184,139
186,139
203,139
205,139
219,139
221,139
229,139
230,139
238,139
245,139
248,139
252,139
258,139
288,139
296,139
306,139
321,139
325,139
333,139
338,139
339,139
344,139
345,139
354,139
356,139
359,139
370,139
376,139
387,139
390,139
395,139
414,139
417,139
421,139
428,139
430,139
450,139
453,139
475,139
485,139
499,139
502,139
510,139
515,139
521,139
530,139
531,139
532,139
542,139
547,139
548,139
551,139
552,139
566,139
573,139
585,139
586,139
590,139
602,139
605,139
607,139
621,139
623,139
630,139
632,139
635,139
638,139
645,139
646,139
650,139
654,139
656,139
692,139
693,139
694,139
700,139
707,139
718,139
719,139
731,139
734,139
762,139
763,139
792,139
794,139
797,139
798,139
799,139
801,139
806,139
809,139
813,139
829,139
844,139
862,139
879,139
883,139
886,139
887,139
891,139
900,139
904,139
910,139
917,139
928,139
930,139
931,139
956,139
958,139
959,139
961,139
962,139
974,139
981,139
999,139
1017,139
1029,139
1039,139
1043,139
1044,139
1045,139
1050,139
1054,139
51,140
230,140
239,140
34,141
42,141
52,141
75,141
83,141
170,141
206,141
247,141
264,141
282,141
283,141
310,141
337,141
375,141
417,141
428,141
475,141
479,141
496,141
618,141
638,141
639,141
694,141
753,141
833,141
840,141
846,141
895,141
960,141
972,141
986,141
993,141
1043,141
1044,141
1045,141
1046,141
1054,141
1057,141
43,142
45,142
66,142
136,142
165,142
196,142
276,142
279,142
296,142
387,142
415,142
559,142
563,142
576,142
584,142
662,142
711,142
729,142
815,142
819,142
922,142
931,142
963,142
1020,142
321,143
262,144
170,145
264,145
283,145
366,145
461,145
694,145
722,145
947,145
993,145
1016,145
1023,145
5,146
607,146
638,146
694,146
806,146
812,146
907,146
183,147
202,147
233,147
323,147
414,147
495,147
524,147
564,147
773,147
272,148
380,148
711,148
97,149
272,149
863,149
568,150
618,150
638,151
138,152
183,152
205,152
230,152
300,152
502,152
589,152
635,152
716,152
749,152
766,152
911,152
153,153
460,153
42,154
888,154
324,155
778,155
18,156
157,156
230,157
510,157
28,158
330,158
1025,158
205,159
287,159
380,159
821,159
845,159
865,159
1021,159
1022,159
731,160
801,160
4,161
33,161
230,161
247,161
293,161
421,161
428,161
510,161
521,161
549,161
651,161
898,161
55,162
58,162
83,162
166,162
200,162
252,162
283,162
448,162
454,162
741,162
817,162
832,162
882,162
894,162
944,162
138,163
183,163
186,163
229,163
230,163
236,163
370,163
376,163
414,163
428,163
483,163
502,163
607,163
645,163
646,163
687,164
906,164
30,165
36,165
49,165
55,165
64,165
71,165
83,165
93,165
95,165
106,165
115,165
119,165
215,165
242,165
254,165
294,165
335,165
352,165
359,165
417,165
442,165
453,165
473,165
475,165
538,165
585,165
608,165
612,165
631,165
634,165
688,165
887,165
1043,165
1044,165
1045,165
1054,165
16,166
30,166
31,166
32,166
36,166
83,166
94,166
95,166
106,166
119,166
120,166
124,166
148,166
188,166
197,166
208,166
218,166
230,166
294,166
318,166
325,166
353,166
395,166
439,166
444,166
494,166
547,166
551,166
638,166
676,166
810,166
823,166
934,166
1046,166
1,167
2,167
4,167
5,167
6,167
7,167
8,167
9,167
10,167
11,167
12,167
13,167
14,167
15,167
17,167
18,167
19,167
20,167
21,167
22,167
23,167
27,167
28,167
30,167
33,167
37,167
38,167
42,167
43,167
45,167
49,167
50,167
51,167
54,167
55,167
57,167
61,167
63,167
65,167
66,167
67,167
68,167
71,167
73,167
75,167
77,167
81,167
83,167
84,167
86,167
89,167
90,167
91,167
93,167
94,167
95,167
97,167
99,167
100,167
101,167
102,167
105,167
106,167
107,167
109,167
112,167
113,167
115,167
116,167
117,167
119,167
120,167
124,167
131,167
132,167
135,167
138,167
139,167
142,167
143,167
145,167
146,167
148,167
150,167
152,167
154,167
157,167
159,167
160,167
164,167
165,167
171,167
174,167
175,167
177,167
180,167
182,167
183,167
186,167
187,167
190,167
193,167
197,167
200,167
201,167
203,167
204,167
205,167
213,167
215,167
216,167
219,167
221,167
222,167
226,167
229,167
230,167
231,167
233,167
234,167
236,167
238,167
240,167
241,167
242,167
247,167
249,167
250,167
251,167
252,167
254,167
255,167
259,167
260,167
261,167
262,167
270,167
272,167
274,167
276,167
282,167
287,167
290,167
292,167
293,167
296,167
299,167
300,167
301,167
304,167
306,167
307,167
314,167
318,167
320,167
321,167
323,167
324,167
325,167
326,167
328,167
333,167
334,167
335,167
339,167
340,167
341,167
348,167
350,167
354,167
355,167
356,167
357,167
358,167
359,167
362,167
366,167
367,167
368,167
369,167
370,167
371,167
372,167
375,167
376,167
379,167
380,167
382,167
384,167
387,167
390,167
391,167
393,167
395,167
396,167
397,167
403,167
405,167
412,167
414,167
415,167
417,167
419,167
420,167
421,167
428,167
429,167
433,167
435,167
438,167
439,167
441,167
444,167
451,167
456,167
459,167
461,167
464,167
465,167
466,167
469,167
473,167
475,167
483,167
486,167
489,167
491,167
495,167
496,167
498,167
499,167
500,167
501,167
502,167
506,167
507,167
508,167
509,167
510,167
512,167
513,167
514,167
515,167
519,167
521,167
522,167
524,167
526,167
530,167
531,167
532,167
533,167
535,167
538,167
545,167
547,167
549,167
551,167
552,167
554,167
562,167
563,167
564,167
566,167
567,167
568,167
577,167
578,167
580,167
581,167
582,167
585,167
586,167
587,167
589,167
590,167
593,167
594,167
598,167
600,167
601,167
602,167
605,167
606,167
607,167
608,167
610,167
613,167
615,167
616,167
620,167
622,167
624,167
625,167
627,167
628,167
631,167
632,167
633,167
635,167
637,167
638,167
639,167
640,167
645,167
646,167
649,167
651,167
652,167
653,167
654,167
656,167
657,167
658,167
659,167
661,167
663,167
665,167
673,167
675,167
681,167
684,167
692,167
693,167
694,167
695,167
696,167
700,167
703,167
705,167
706,167
707,167
709,167
711,167
714,167
716,167
719,167
721,167
724,167
727,167
729,167
730,167
731,167
732,167
740,167
746,167
747,167
748,167
749,167
755,167
756,167
758,167
762,167
764,167
765,167
766,167
767,167
770,167
780,167
781,167
783,167
796,167
801,167
805,167
806,167
807,167
809,167
812,167
817,167
821,167
823,167
824,167
826,167
830,167
836,167
839,167
841,167
842,167
843,167
844,167
845,167
846,167
847,167
851,167
855,167
859,167
862,167
863,167
867,167
868,167
869,167
874,167
876,167
877,167
878,167
879,167
880,167
881,167
883,167
885,167
886,167
887,167
891,167
898,167
901,167
903,167
907,167
908,167
910,167
911,167
913,167
915,167
917,167
919,167
922,167
924,167
928,167
931,167
934,167
939,167
940,167
942,167
944,167
946,167
948,167
952,167
953,167
956,167
957,167
959,167
962,167
964,167
965,167
967,167
970,167
971,167
972,167
976,167
977,167
978,167
981,167
983,167
986,167
1003,167
1004,167
1007,167
1009,167
1011,167
1016,167
1019,167
1021,167
1022,167
1023,167
1024,167
1025,167
1027,167
1029,167
1035,167
1036,167
1037,167
1038,167
1039,167
1040,167
1043,167
1044,167
1045,167
1046,167
1050,167
1052,167
1053,167
1054,167
1056,167
1,168
2,168
4,168
5,168
6,168
7,168
9,168
10,168
11,168
12,168
14,168
15,168
17,168
19,168
20,168
21,168
22,168
23,168
27,168
28,168
30,168
33,168
37,168
42,168
45,168
49,168
50,168
51,168
54,168
55,168
57,168
63,168
65,168
66,168
68,168
71,168
73,168
75,168
77,168
81,168
83,168
84,168
86,168
89,168
91,168
93,168
94,168
95,168
97,168
100,168
101,168
105,168
106,168
107,168
112,168
116,168
117,168
124,168
131,168
135,168
138,168
139,168
142,168
143,168
145,168
148,168
150,168
152,168
154,168
159,168
160,168
165,168
171,168
174,168
175,168
180,168
183,168
186,168
187,168
197,168
201,168
203,168
204,168
205,168
215,168
216,168
219,168
221,168
222,168
226,168
229,168
230,168
231,168
233,168
234,168
236,168
238,168
240,168
247,168
249,168
250,168
251,168
252,168
255,168
260,168
272,168
274,168
276,168
282,168
287,168
292,168
293,168
296,168
299,168
300,168
301,168
304,168
306,168
307,168
314,168
318,168
320,168
323,168
324,168
326,168
328,168
333,168
334,168
335,168
340,168
341,168
348,168
350,168
355,168
356,168
357,168
359,168
362,168
366,168
367,168
370,168
372,168
375,168
376,168
379,168
380,168
382,168
387,168
390,168
391,168
393,168
395,168
396,168
397,168
403,168
405,168
412,168
414,168
415,168
417,168
419,168
421,168
428,168
429,168
435,168
438,168
439,168
441,168
444,168
451,168
456,168
464,168
466,168
475,168
483,168
486,168
489,168
491,168
495,168
496,168
498,168
499,168
500,168
501,168
502,168
508,168
509,168
510,168
514,168
515,168
521,168
522,168
524,168
526,168
531,168
532,168
545,168
547,168
549,168
551,168
552,168
563,168
564,168
566,168
567,168
580,168
581,168
582,168
585,168
589,168
590,168
593,168
594,168
600,168
601,168
602,168
605,168
606,168
607,168
610,168
615,168
616,168
622,168
624,168
625,168
627,168
628,168
631,168
632,168
633,168
635,168
638,168
639,168
640,168
645,168
646,168
649,168
651,168
654,168
656,168
657,168
658,168
665,168
673,168
692,168
693,168
694,168
695,168
696,168
700,168
705,168
706,168
707,168
709,168
711,168
716,168
719,168
721,168
729,168
730,168
731,168
732,168
747,168
748,168
749,168
755,168
758,168
762,168
764,168
766,168
780,168
781,168
783,168
796,168
801,168
806,168
809,168
812,168
817,168
821,168
823,168
824,168
830,168
836,168
839,168
841,168
842,168
843,168
845,168
847,168
851,168
855,168
859,168
862,168
867,168
869,168
874,168
878,168
879,168
880,168
881,168
886,168
887,168
891,168
898,168
901,168
903,168
907,168
908,168
910,168
911,168
913,168
915,168
917,168
922,168
924,168
928,168
931,168
939,168
940,168
942,168
948,168
953,168
956,168
957,168
959,168
962,168
964,168
965,168
967,168
970,168
971,168
976,168
977,168
981,168
983,168
986,168
1003,168
1007,168
1021,168
1022,168
1024,168
1025,168
1027,168
1029,168
1035,168
1036,168
1037,168
1038,168
1039,168
1043,168
1044,168
1045,168
1046,168
1050,168
1052,168
1053,168
1054,168
1056,168
182,169
233,169
296,169
369,169
373,169
417,169
513,169
543,169
587,169
598,169
681,169
682,169
698,169
699,169
773,169
296,170
417,170
521,170
552,170
55,171
203,171
260,171
307,171
397,171
859,171
1027,171
10,172
36,172
55,172
62,172
71,172
83,172
93,172
95,172
105,172
106,172
111,172
119,172
163,172
194,172
200,172
215,172
242,172
255,172
378,172
408,172
417,172
423,172
444,172
475,172
501,172
590,172
638,172
709,172
728,172
733,172
770,172
832,172
918,172
944,172
1035,172
1041,172
1043,172
1044,172
1045,172
1054,172
4,173
5,173
37,173
50,173
67,173
105,173
113,173
160,173
229,173
230,173
236,173
247,173
306,173
366,173
370,173
376,173
414,173
421,173
428,173
491,173
502,173
510,173
521,173
524,173
532,173
549,173
590,173
607,173
646,173
663,173
705,173
731,173
959,173
214,174
818,174
1055,174
1,175
5,175
9,175
22,175
26,175
35,175
75,175
79,175
83,175
85,175
93,175
105,175
115,175
117,175
124,175
151,175
199,175
250,175
254,175
290,175
333,175
335,175
353,175
356,175
383,175
393,175
461,175
462,175
503,175
504,175
516,175
523,175
530,175
545,175
556,175
569,175
585,175
594,175
628,175
631,175
638,175
647,175
657,175
659,175
661,175
675,175
691,175
719,175
763,175
793,175
875,175
895,175
900,175
1013,175
1016,175
1023,175
1032,175
1033,175
628,176
75,177
83,177
93,177
94,177
95,177
106,177
194,177
205,177
215,177
254,177
262,177
283,177
313,177
315,177
321,177
326,177
335,177
347,177
382,177
391,177
392,177
417,177
429,177
453,177
475,177
487,177
501,177
511,177
538,177
552,177
638,177
709,177
770,177
777,177
832,177
855,177
1043,177
1044,177
1045,177
1046,177
1054,177
976,178
40,179
45,179
50,179
63,179
68,179
71,179
74,179
80,179
109,179
122,179
125,179
134,179
137,179
141,179
164,179
167,179
168,179
181,179
182,179
195,179
202,179
207,179
211,179
221,179
232,179
233,179
256,179
270,179
275,179
277,179
280,179
281,179
289,179
295,179
317,179
326,179
331,179
342,179
346,179
368,179
369,179
373,179
385,179
399,179
400,179
402,179
451,179
452,179
467,179
469,179
471,179
472,179
490,179
513,179
515,179
534,179
535,179
539,179
542,179
543,179
555,179
571,179
587,179
591,179
592,179
598,179
611,179
619,179
625,179
626,179
664,179
665,179
666,179
667,179
668,179
669,179
670,179
681,179
682,179
683,179
685,179
698,179
699,179
701,179
703,179
704,179
708,179
712,179
751,179
804,179
837,179
838,179
848,179
914,179
935,179
936,179
938,179
980,179
1048,179
1056,179
22,180
142,180
219,180
287,180
292,180
339,180
380,180
430,180
489,180
548,180
821,180
844,180
883,180
942,180
1021,180
1022,180
1029,180
22,181
84,181
160,181
204,181
287,181
292,181
340,181
380,181
435,181
632,181
821,181
826,181
951,181
1021,181
1022,181
9,182
10,182
12,182
19,182
22,182
31,182
32,182
34,182
36,182
41,182
42,182
47,182
49,182
55,182
58,182
62,182
63,182
68,182
71,182
75,182
79,182
83,182
92,182
93,182
94,182
95,182
105,182
106,182
108,182
110,182
111,182
115,182
119,182
143,182
160,182
163,182
165,182
172,182
176,182
177,182
180,182
187,182
194,182
196,182
197,182
200,182
203,182
205,182
215,182
218,182
223,182
231,182
242,182
252,182
254,182
255,182
257,182
259,182
260,182
262,182
266,182
283,182
287,182
292,182
294,182
296,182
298,182
307,182
309,182
313,182
315,182
316,182
325,182
330,182
335,182
337,182
338,182
340,182
351,182
359,182
363,182
367,182
369,182
373,182
377,182
378,182
380,182
382,182
385,182
387,182
391,182
392,182
393,182
394,182
397,182
408,182
417,182
423,182
442,182
444,182
453,182
454,182
456,182
460,182
464,182
470,182
473,182
475,182
477,182
486,182
496,182
501,182
505,182
511,182
519,182
531,182
533,182
538,182
543,182
545,182
547,182
551,182
552,182
566,182
572,182
579,182
581,182
590,182
596,182
608,182
612,182
622,182
631,182
635,182
637,182
638,182
639,182
645,182
660,182
688,182
694,182
709,182
725,182
728,182
729,182
733,182
738,182
741,182
755,182
769,182
770,182
773,182
775,182
778,182
788,182
790,182
808,182
812,182
814,182
828,182
832,182
850,182
854,182
855,182
857,182
859,182
860,182
863,182
882,182
887,182
888,182
896,182
900,182
913,182
918,182
922,182
923,182
925,182
944,182
945,182
1012,182
1024,182
1027,182
1035,182
1041,182
1043,182
1044,182
1045,182
1046,182
1054,182
95,183
116,183
124,183
194,183
257,183
262,183
283,183
307,183
353,183
393,183
499,183
526,183
531,183
551,183
631,183
638,183
1046,183
5,184
414,184
456,184
566,184
83,185
199,185
66,186
106,186
126,186
230,186
296,186
417,186
428,186
68,187
83,187
95,187
287,187
429,187
460,187
538,187
888,187
913,187
181,188
233,188
369,188
373,188
543,188
630,188
665,188
773,188
45,189
194,189
294,189
488,189
808,189
5,190
414,190
456,190
566,190
428,191
638,191
907,191
10,192
17,192
19,192
22,192
24,192
25,192
26,192
38,192
40,192
45,192
50,192
66,192
68,192
83,192
97,192
103,192
109,192
117,192
126,192
127,192
134,192
139,192
151,192
156,192
167,192
168,192
178,192
179,192
181,192
182,192
187,192
191,192
199,192
202,192
205,192
219,192
220,192
221,192
225,192
227,192
234,192
237,192
246,192
261,192
270,192
271,192
276,192
280,192
282,192
285,192
290,192
294,192
296,192
299,192
306,192
313,192
318,192
321,192
326,192
335,192
347,192
351,192
354,192
356,192
369,192
373,192
376,192
382,192
383,192
388,192
390,192
393,192
395,192
400,192
417,192
427,192
428,192
429,192
431,192
432,192
441,192
450,192
451,192
455,192
464,192
469,192
475,192
480,192
487,192
488,192
503,192
513,192
519,192
520,192
523,192
540,192
543,192
545,192
548,192
559,192
574,192
576,192
582,192
587,192
595,192
598,192
611,192
616,192
625,192
626,192
631,192
632,192
638,192
640,192
646,192
673,192
680,192
681,192
698,192
699,192
700,192
703,192
707,192
719,192
734,192
755,192
762,192
773,192
778,192
795,192
804,192
807,192
825,192
841,192
854,192
864,192
870,192
873,192
884,192
897,192
899,192
907,192
909,192
911,192
938,192
939,192
946,192
949,192
950,192
959,192
967,192
975,192
980,192
991,192
994,192
999,192
1013,192
1026,192
1028,192
1031,192
1032,192
1033,192
1034,192
1035,192
1038,192
1039,192
1043,192
1044,192
1045,192
1046,192
1049,192
1054,192
1056,192
247,193
4,194
10,194
13,194
21,194
22,194
27,194
33,194
37,194
42,194
43,194
50,194
73,194
159,194
177,194
180,194
182,194
203,194
229,194
230,194
236,194
240,194
247,194
293,194
296,194
306,194
328,194
356,194
366,194
376,194
417,194
421,194
428,194
438,194
441,194
456,194
475,194
486,194
495,194
502,194
510,194
513,194
521,194
532,194
549,194
552,194
568,194
602,194
606,194
622,194
637,194
638,194
646,194
651,194
694,194
705,194
707,194
716,194
731,194
740,194
748,194
756,194
801,194
806,194
830,194
842,194
874,194
907,194
959,194
1024,194
1035,194
1043,194
1044,194
1045,194
1054,194
63,195
632,195
42,196
337,196
501,196
531,196
581,196
11,197
25,197
26,197
33,197
52,197
117,197
254,197
267,197
268,197
321,197
329,197
347,197
434,197
480,197
482,197
503,197
518,197
574,197
793,197
870,197
895,197
943,197
966,197
1032,197
4,198
11,198
17,198
20,198
124,198
184,198
185,198
193,198
229,198
247,198
283,198
286,198
290,198
325,198
335,198
353,198
372,198
461,198
552,198
563,198
638,198
714,198
719,198
757,198
832,198
873,198
876,198
1016,198
1023,198
1037,198
1051,198
178,199
182,200
233,200
369,200
373,200
513,200
543,200
587,200
598,200
681,200
682,200
698,200
699,200
773,200
117,201
143,201
150,201
230,201
247,201
306,201
320,201
502,201
552,201
587,201
598,201
616,201
635,201
751,201
911,201
959,201
178,202
31,203
42,203
45,203
68,203
93,203
115,203
124,203
178,203
294,203
325,203
351,203
372,203
375,203
393,203
417,203
428,203
475,203
504,203
631,203
707,203
1037,203
1043,203
1044,203
1045,203
1054,203
83,204
230,204
236,204
247,204
306,204
376,204
414,204
510,204
524,204
532,204
590,204
607,204
731,204
913,204
917,204
959,204
138,205
183,205
186,205
229,205
230,205
236,205
370,205
376,205
414,205
428,205
483,205
502,205
607,205
645,205
646,205
153,206
190,206
196,206
198,206
283,206
372,206
374,206
404,206
413,206
460,206
484,206
547,206
551,206
573,206
632,206
671,206
680,206
725,206
756,206
1014,206
1037,206
11,207
976,207
366,208
515,208
630,208
914,208
245,209
247,209
296,209
521,209
13,210
19,210
22,210
24,210
30,210
31,210
49,210
55,210
56,210
58,210
64,210
67,210
71,210
79,210
86,210
88,210
101,210
105,210
111,210
113,210
117,210
120,210
129,210
140,210
145,210
155,210
156,210
162,210
173,210
192,210
197,210
199,210
200,210
201,210
210,210
218,210
235,210
242,210
243,210
248,210
254,210
286,210
299,210
309,210
312,210
319,210
322,210
325,210
327,210
332,210
335,210
344,210
349,210
352,210
359,210
364,210
378,210
389,210
401,210
407,210
408,210
411,210
417,210
426,210
440,210
444,210
448,210
450,210
459,210
478,210
480,210
497,210
501,210
533,210
545,210
546,210
547,210
551,210
565,210
568,210
572,210
589,210
594,210
603,210
604,210
617,210
620,210
634,210
641,210
642,210
644,210
647,210
655,210
657,210
677,210
689,210
690,210
697,210
716,210
736,210
744,210
754,210
759,210
760,210
761,210
762,210
763,210
777,210
791,210
802,210
870,210
889,210
900,210
921,210
923,210
926,210
927,210
932,210
989,210
996,210
1001,210
1002,210
1006,210
1015,210
1018,210
1030,210
31,211
282,212
607,212
4,213
10,213
16,213
22,213
25,213
32,213
45,213
46,213
68,213
97,213
105,213
109,213
143,213
153,213
254,213
356,213
406,213
460,213
507,213
531,213
577,213
703,213
718,213
974,213
1035,213
1038,213
1039,213
45,214
49,214
50,214
158,214
164,214
182,214
196,214
221,214
232,214
233,214
283,214
289,214
296,214
299,214
313,214
372,214
373,214
413,214
425,214
488,214
513,214
543,214
571,214
632,214
671,214
887,214
1037,214
230,215
510,215
532,215
590,215
731,215
25,216
151,216
198,216
631,216
24,217
31,217
49,217
55,217
56,217
58,217
64,217
67,217
79,217
86,217
105,217
111,217
120,217
129,217
140,217
145,217
155,217
162,217
173,217
192,217
199,217
200,217
210,217
218,217
235,217
242,217
243,217
248,217
286,217
309,217
312,217
319,217
322,217
325,217
327,217
332,217
344,217
349,217
352,217
364,217
378,217
389,217
401,217
407,217
408,217
411,217
426,217
440,217
459,217
478,217
497,217
501,217
533,217
545,217
546,217
547,217
551,217
565,217
568,217
589,217
594,217
603,217
604,217
617,217
620,217
634,217
641,217
642,217
644,217
655,217
677,217
689,217
690,217
697,217
736,217
760,217
761,217
777,217
791,217
802,217
889,217
923,217
932,217
989,217
996,217
1001,217
1002,217
1006,217
1015,217
1018,217
417,218
475,218
554,218
661,218
900,218
1043,218
1044,218
1045,218
1054,218
635,219
417,220
475,220
1043,220
1044,220
1045,220
1054,220
106,221
283,221
303,221
612,221
638,221
1046,221
36,222
106,222
116,222
184,222
205,222
247,222
262,222
335,222
392,222
417,222
475,222
563,222
757,222
876,222
1043,222
1044,222
1045,222
1054,222
296,223
504,223
638,223
19,224
590,224
248,225
475,225
547,225
551,225
1045,225
30,226
32,227
75,227
121,227
143,227
149,227
153,227
209,227
315,227
460,227
527,227
577,227
696,227
782,227
83,228
417,228
475,228
709,228
1043,228
1044,228
1045,228
1054,228
333,229
406,229
0,230
47,230
82,230
97,230
250,230
264,230
283,230
290,230
324,230
367,230
451,230
464,230
465,230
519,230
543,230
563,230
625,230
684,230
707,230
719,230
753,230
772,230
778,230
807,230
993,230
1056,230
205,231
230,231
502,231
589,231
635,231
748,231
21,232
33,232
45,232
87,232
105,232
146,232
159,232
183,232
205,232
230,232
282,232
308,232
370,232
412,232
414,232
417,232
445,232
475,232
496,232
502,232
566,232
589,232
635,232
639,232
694,232
836,232
855,232
874,232
901,232
910,232
1036,232
1043,232
1044,232
1045,232
1054,232
166,233
312,233
319,233
641,233
737,233
45,234
194,234
294,234
488,234
95,235
106,235
215,235
453,235
538,235
608,235
45,236
224,236
271,236
166,237
501,237
941,237
224,238
954,238
702,239
22,240
126,240
177,240
221,240
233,240
247,240
451,240
481,240
768,240
893,240
1056,240
205,241
247,241
264,241
283,241
296,241
417,241
475,241
531,241
638,241
757,241
833,241
840,241
864,241
993,241
1043,241
1044,241
1045,241
1054,241
1057,241
566,242
36,243
60,244
219,244
339,244
430,244
548,244
562,244
653,244
700,244
799,244
844,244
868,244
1029,244
283,245
421,245
445,245
16,246
30,246
31,246
32,246
79,246
83,246
94,246
95,246
106,246
119,246
120,246
148,246
188,246
197,246
208,246
218,246
230,246
236,246
294,246
318,246
328,246
395,246
439,246
444,246
494,246
502,246
547,246
551,246
607,246
609,246
637,246
638,246
676,246
810,246
823,246
917,246
934,246
1046,246
69,247
297,247
323,247
570,247
638,248
230,249
4,250
9,250
10,250
15,250
19,250
22,250
28,250
32,250
34,250
36,250
39,250
40,250
42,250
45,250
50,250
55,250
67,250
75,250
79,250
83,250
93,250
94,250
95,250
97,250
104,250
105,250
106,250
109,250
115,250
116,250
117,250
124,250
143,250
146,250
150,250
157,250
160,250
167,250
171,250
173,250
178,250
185,250
194,250
197,250
200,250
205,250
215,250
221,250
230,250
231,250
234,250
247,250
252,250
257,250
258,250
262,250
269,250
270,250
283,250
284,250
287,250
289,250
292,250
294,250
302,250
306,250
307,250
315,250
318,250
319,250
320,250
325,250
326,250
329,250
335,250
343,250
351,250
355,250
357,250
359,250
369,250
373,250
382,250
387,250
390,250
391,250
393,250
394,250
417,250
421,250
428,250
429,250
434,250
442,250
450,250
460,250
464,250
473,250
475,250
501,250
502,250
504,250
505,250
511,250
514,250
518,250
521,250
530,250
533,250
538,250
543,250
545,250
546,250
552,250
563,250
573,250
585,250
587,250
598,250
608,250
611,250
616,250
620,250
623,250
626,250
627,250
629,250
631,250
635,250
638,250
640,250
645,250
647,250
665,250
681,250
687,250
690,250
696,250
703,250
709,250
717,250
729,250
733,250
751,250
753,250
762,250
769,250
773,250
778,250
784,250
807,250
810,250
811,250
814,250
821,250
822,250
823,250
826,250
834,250
837,250
842,250
850,250
855,250
865,250
866,250
886,250
897,250
903,250
906,250
911,250
913,250
922,250
933,250
938,250
943,250
950,250
959,250
961,250
980,250
982,250
1021,250
1022,250
1035,250
1036,250
1043,250
1044,250
1045,250
1046,250
1047,250
1054,250
97,251
357,251
460,251
855,251
767,252
33,253
132,253
180,253
230,253
236,253
247,253
296,253
328,253
356,253
421,253
495,253
502,253
521,253
526,253
622,253
638,253
1046,253
292,254
106,255
511,255
42,256
106,256
538,256
552,256
729,256
922,256
1036,256
428,257
510,257
842,257
5,258
33,258
51,258
73,258
83,258
89,258
95,258
97,258
105,258
106,258
107,258
148,258
165,258
171,258
183,258
203,258
205,258
219,258
229,258
230,258
231,258
236,258
247,258
276,258
282,258
300,258
306,258
348,258
355,258
357,258
359,258
370,258
376,258
414,258
415,258
419,258
428,258
483,258
491,258
495,258
502,258
510,258
514,258
524,258
532,258
566,258
590,258
601,258
607,258
624,258
635,258
638,258
646,258
649,258
656,258
694,258
700,258
716,258
731,258
747,258
762,258
806,258
812,258
830,258
869,258
878,258
879,258
881,258
907,258
917,258
959,258
964,258
1024,258
1036,258
45,259
68,259
124,259
134,259
221,259
224,259
233,259
271,259
280,259
369,259
543,259
587,259
598,259
626,259
638,259
669,259
681,259
699,259
702,259
742,259
228,260
507,260
171,261
33,262
532,262
638,262
33,263
37,263
203,263
230,263
293,263
421,263
510,263
532,263
549,263
731,263
11,264
70,264
311,264
884,265
95,266
95,267
124,267
283,267
353,267
531,267
23,268
25,268
121,268
299,268
347,268
434,268
485,268
518,268
943,268
41,269
79,269
106,269
110,269
111,269
126,269
194,269
382,269
448,269
470,269
511,269
545,269
637,269
45,270
157,270
951,271
54,272
105,272
193,272
230,272
414,272
638,272
649,272
766,272
869,272
878,272
879,272
22,273
230,273
296,273
417,273
475,273
923,273
1043,273
1044,273
1045,273
1054,273
394,274
40,275
45,275
218,275
273,275
395,275
547,275
551,275
553,275
608,275
609,275
637,275
839,275
896,275
953,275
147,276
178,276
696,276
558,277
182,278
513,278
229,279
656,279
694,279
238,280
645,280
100,281
148,281
238,281
106,282
473,282
538,282
1012,282
117,283
445,284
22,285
22,286
159,286
242,286
282,286
656,286
694,286
972,286
23,287
34,287
40,287
63,287
283,287
321,287
358,287
421,287
445,287
496,287
526,287
639,287
762,287
611,288
665,288
4,289
5,289
10,289
17,289
18,289
22,289
33,289
37,289
50,289
51,289
54,289
67,289
68,289
73,289
83,289
89,289
105,289
107,289
113,289
117,289
148,289
154,289
159,289
160,289
183,289
193,289
200,289
203,289
205,289
219,289
229,289
230,289
231,289
236,289
238,289
247,289
251,289
252,289
255,289
261,289
282,289
300,289
306,289
318,289
320,289
335,289
348,289
354,289
355,289
357,289
359,289
366,289
370,289
371,289
376,289
396,289
412,289
414,289
415,289
419,289
421,289
428,289
439,289
444,289
451,289
456,289
459,289
464,289
469,289
483,289
491,289
495,289
496,289
502,289
508,289
510,289
521,289
522,289
524,289
531,289
532,289
533,289
545,289
549,289
562,289
564,289
566,289
578,289
586,289
590,289
593,289
601,289
602,289
607,289
624,289
635,289
638,289
639,289
646,289
649,289
651,289
656,289
663,289
694,289
700,289
705,289
716,289
727,289
731,289
747,289
766,289
806,289
809,289
812,289
823,289
836,289
842,289
843,289
846,289
862,289
868,289
869,289
874,289
878,289
879,289
885,289
901,289
907,289
910,289
911,289
913,289
915,289
917,289
934,289
946,289
959,289
977,289
1035,289
1036,289
1056,289
694,290
414,291
496,291
566,291
639,291
146,292
164,292
301,293
414,294
495,294
845,295
69,296
451,296
570,296
1056,296
234,297
320,297
498,297
509,297
628,297
729,297
907,297
922,297
146,298
164,298
252,298
348,298
417,298
613,298
10,299
11,299
15,299
33,299
42,299
49,299
55,299
89,299
100,299
117,299
138,299
145,299
148,299
174,299
183,299
186,299
197,299
203,299
205,299
229,299
230,299
233,299
238,299
282,299
300,299
306,299
321,299
324,299
370,299
428,299
444,299
451,299
456,299
502,299
549,299
566,299
585,299
607,299
631,299
635,299
638,299
645,299
646,299
694,299
716,299
764,299
806,299
839,299
887,299
924,299
928,299
959,299
970,299
1035,299
1056,299
28,300
79,300
105,300
120,300
140,300
170,300
199,300
242,300
252,300
263,300
294,300
312,300
325,300
335,300
354,300
387,300
393,300
417,300
441,300
444,300
448,300
475,300
501,300
515,300
554,300
568,300
585,300
594,300
620,300
643,300
655,300
657,300
779,300
900,300
49,301
148,301
183,301
229,301
238,301
566,301
887,301
183,302
230,302
451,302
502,302
628,302
635,302
645,302
649,302
716,302
766,302
1056,302
148,303
247,303
731,303
781,303
437,304
531,305
696,306
205,307
10,308
25,308
28,308
151,308
178,308
194,308
545,308
560,308
1035,308
25,309
117,309
165,309
290,309
299,309
485,309
530,309
552,309
563,309
719,309
763,309
860,309
1019,309
390,310
109,311
369,311
703,311
182,312
513,312
711,312
11,313
185,313
325,313
638,313
638,314
1046,314
1,315
230,315
247,315
296,315
366,315
417,315
475,315
499,315
521,315
1005,315
1043,315
1044,315
1045,315
1054,315
54,316
5,317
22,317
146,317
159,317
242,317
282,317
554,317
656,317
694,317
972,317
694,318
635,319
83,320
93,320
95,320
42,321
85,321
794,321
416,322
486,322
1024,322
233,323
630,323
45,324
224,324
271,324
282,324
541,324
22,325
238,326
306,326
566,326
959,326
2,327
138,327
183,327
230,327
247,327
320,327
498,327
502,327
509,327
563,327
566,327
628,327
635,327
716,327
847,327
907,327
2,328
117,328
138,328
154,328
159,328
183,328
229,328
230,328
300,328
320,328
348,328
390,328
466,328
498,328
502,328
509,328
566,328
610,328
628,328
635,328
645,328
649,328
656,328
694,328
719,328
783,328
801,328
928,328
964,328
2,329
131,329
138,329
150,329
183,329
186,329
230,329
247,329
320,329
466,329
498,329
502,329
509,329
563,329
566,329
628,329
635,329
645,329
649,329
694,329
705,329
847,329
907,329
2,330
131,330
150,330
183,330
186,330
230,330
320,330
466,330
498,330
502,330
509,330
563,330
566,330
628,330
635,330
645,330
649,330
694,330
705,330
907,330
238,331
306,331
566,331
959,331
238,332
602,332
42,333
296,333
375,333
645,333
1,334
2,334
5,334
11,334
117,334
216,334
296,334
356,334
464,334
522,334
582,334
645,334
656,334
1038,334
1039,334
159,335
230,335
428,335
451,335
549,335
809,335
869,335
1056,335
635,336
107,337
148,337
229,337
318,337
635,337
638,337
656,337
716,337
823,337
635,338
656,338
716,338
21,339
150,339
203,339
230,339
236,339
376,339
421,339
502,339
521,339
549,339
716,339
748,339
766,339
830,339
1,340
296,340
356,340
417,340
638,340
1038,340
1039,340
22,341
123,341
193,341
151,342
333,342
702,343
886,344
961,344
146,345
221,345
373,345
543,345
19,346
83,346
115,346
153,346
306,346
453,346
460,346
551,346
590,346
631,346
694,346
959,346
1025,346
429,347
715,347
203,348
230,348
502,348
522,348
524,348
635,348
762,348
908,348
986,348
749,349
638,350
180,351
230,351
236,351
296,351
421,351
456,351
502,351
521,351
957,351
71,352
230,353
450,353
510,353
1,354
151,355
218,355
388,355
480,355
283,356
290,356
719,356
294,357
324,357
464,357
117,358
807,359
428,360
64,361
403,361
417,361
657,361
754,361
117,362
131,362
142,362
942,362
290,363
719,363
11,364
16,364
17,364
22,364
117,364
261,364
416,364
946,364
976,364
219,365
230,365
247,365
376,365
421,365
428,365
441,365
510,365
606,365
646,365
700,365
0,366
4,366
82,366
97,366
222,366
230,366
236,366
250,366
296,366
324,366
366,366
376,366
390,366
428,366
456,366
464,366
475,366
495,366
499,366
510,366
521,366
531,366
638,366
707,366
762,366
778,366
806,366
807,366
948,366
1046,366
95,367
106,367
205,367
215,367
337,367
501,367
503,367
638,367
771,367
920,367
12,368
34,368
143,368
212,368
321,368
355,368
357,368
413,368
428,368
535,368
616,368
671,368
782,368
974,368
1036,368
294,369
620,369
608,370
623,370
4,371
10,371
11,371
17,371
19,371
22,371
23,371
41,371
49,371
70,371
76,371
96,371
117,371
143,371
165,371
170,371
180,371
182,371
199,371
219,371
261,371
262,371
290,371
296,371
311,371
321,371
324,371
333,371
387,371
421,371
428,371
441,371
464,371
475,371
486,371
501,371
503,371
512,371
513,371
515,371
521,371
540,371
552,371
585,371
630,371
638,371
650,371
660,371
673,371
686,371
694,371
696,371
707,371
719,371
738,371
782,371
792,371
793,371
858,371
886,371
895,371
946,371
955,371
968,371
1025,371
1035,371
95,372
106,372
128,372
194,372
205,372
215,372
233,372
337,372
501,372
503,372
638,372
771,372
920,372
230,373
236,373
296,373
376,373
502,373
83,374
106,374
417,374
473,374
475,374
638,374
822,374
1043,374
1044,374
1045,374
1054,374
21,375
83,375
150,375
203,375
230,375
236,375
247,375
255,375
306,375
376,375
414,375
421,375
502,375
510,375
521,375
524,375
532,375
549,375
566,375
590,375
607,375
638,375
656,375
716,375
731,375
748,375
766,375
809,375
830,375
878,375
910,375
913,375
917,375
959,375
4,376
33,376
83,376
150,376
203,376
230,376
236,376
376,376
421,376
502,376
521,376
549,376
706,376
716,376
748,376
10,377
75,377
83,377
121,377
194,377
261,377
278,377
298,377
324,377
395,377
428,377
480,377
519,377
550,377
552,377
775,377
778,377
888,377
946,377
1035,377
25,378
24,379
31,379
49,379
50,379
55,379
56,379
58,379
64,379
67,379
79,379
86,379
105,379
111,379
120,379
129,379
131,379
140,379
145,379
151,379
155,379
162,379
165,379
171,379
173,379
192,379
199,379
200,379
210,379
218,379
219,379
223,379
230,379
235,379
242,379
243,379
248,379
286,379
294,379
309,379
312,379
319,379
322,379
325,379
327,379
332,379
341,379
344,379
349,379
352,379
359,379
364,379
378,379
388,379
389,379
401,379
403,379
407,379
408,379
411,379
421,379
426,379
440,379
447,379
450,379
459,379
478,379
480,379
491,379
492,379
497,379
501,379
510,379
533,379
545,379
546,379
547,379
551,379
565,379
568,379
585,379
589,379
594,379
600,379
603,379
604,379
617,379
620,379
634,379
641,379
642,379
644,379
653,379
655,379
677,379
687,379
689,379
690,379
697,379
736,379
754,379
760,379
761,379
777,379
791,379
802,379
827,379
889,379
902,379
906,379
923,379
932,379
989,379
996,379
1001,379
1002,379
1006,379
1011,379
1015,379
1018,379
42,380
337,380
501,380
531,380
581,380
97,381
250,381
264,381
283,381
290,381
324,381
464,381
465,381
519,381
563,381
684,381
719,381
753,381
778,381
807,381
993,381
230,382
749,382
414,383
230,384
496,385
639,385
23,386
34,386
40,386
63,386
170,386
203,386
264,386
283,386
321,386
358,386
366,386
421,386
445,386
461,386
486,386
496,386
526,386
639,386
694,386
722,386
762,386
947,386
993,386
1016,386
1023,386
1024,386
632,387
762,387
300,388
325,389
391,389
631,389
183,390
638,390
33,391
49,391
106,391
148,391
159,391
167,391
183,391
229,391
233,391
238,391
306,391
551,391
566,391
693,391
730,391
887,391
938,391
959,391
980,391
320,392
380,392
39,393
244,393
717,393
492,394
504,394
403,395
238,396
645,396
986,397
1,398
2,398
4,398
5,398
6,398
9,398
10,398
11,398
19,398
22,398
27,398
33,398
42,398
86,398
95,398
105,398
107,398
117,398
135,398
138,398
159,398
160,398
186,398
203,398
205,398
216,398
229,398
230,398
233,398
251,398
282,398
287,398
296,398
314,398
335,398
356,398
375,398
376,398
380,398
382,398
395,398
396,398
417,398
421,398
428,398
456,398
466,398
475,398
486,398
491,398
501,398
502,398
522,398
524,398
547,398
551,398
552,398
581,398
582,398
600,398
615,398
622,398
625,398
635,398
638,398
645,398
646,398
649,398
656,398
665,398
673,398
694,398
707,398
716,398
721,398
758,398
801,398
812,398
821,398
824,398
836,398
847,398
880,398
908,398
939,398
986,398
1021,398
1022,398
1035,398
1038,398
1039,398
1043,398
1044,398
1045,398
1054,398
1,399
4,399
10,399
13,399
19,399
20,399
21,399
33,399
37,399
50,399
51,399
68,399
73,399
97,399
101,399
159,399
160,399
180,399
182,399
183,399
203,399
230,399
236,399
240,399
247,399
262,399
276,399
293,399
296,399
299,399
306,399
324,399
340,399
362,399
366,399
376,399
395,399
417,399
421,399
428,399
438,399
441,399
456,399
464,399
475,399
486,399
495,399
502,399
510,399
513,399
519,399
521,399
530,399
531,399
532,399
549,399
562,399
590,399
602,399
622,399
625,399
635,399
638,399
646,399
694,399
705,399
716,399
748,399
765,399
766,399
778,399
806,399
807,399
812,399
830,399
842,399
868,399
877,399
878,399
880,399
898,399
915,399
948,399
957,399
959,399
965,399
1013,399
1019,399
1024,399
1035,399
1043,399
1044,399
1045,399
1046,399
1054,399
282,400
283,400
428,400
638,400
972,400
294,401
365,401
502,401
635,401
962,401
10,402
370,402
1035,402
414,403
566,403
414,404
566,404
64,405
94,405
105,405
106,405
171,405
173,405
218,405
254,405
294,405
309,405
325,405
341,405
352,405
365,405
391,405
393,405
408,405
497,405
533,405
545,405
623,405
631,405
634,405
638,405
640,405
926,405
982,405
1046,405
15,406
17,406
19,406
30,406
31,406
33,406
49,406
51,406
81,406
94,406
95,406
107,406
138,406
145,406
159,406
183,406
197,406
205,406
229,406
230,406
236,406
238,406
282,406
296,406
300,406
306,406
340,406
370,406
376,406
395,406
414,406
417,406
428,406
429,406
475,406
491,406
501,406
502,406
510,406
524,406
531,406
547,406
549,406
551,406
577,406
594,406
616,406
625,406
633,406
635,406
638,406
645,406
646,406
656,406
694,406
707,406
730,406
801,406
806,406
851,406
881,406
887,406
940,406
1043,406
1044,406
1045,406
1054,406
150,407
183,407
229,407
230,407
236,407
370,407
376,407
414,407
502,407
510,407
524,407
532,407
607,407
645,407
948,407
502,408
566,408
649,408
910,408
89,409
288,410
464,411
986,412
178,413
157,414
148,415
33,416
42,416
49,416
100,416
112,416
148,416
159,416
183,416
229,416
230,416
238,416
306,416
502,416
532,416
566,416
635,416
638,416
645,416
730,416
887,416
901,416
910,416
959,416
971,416
456,417
180,418
738,418
875,418
230,419
335,419
694,419
711,420
357,421
230,422
450,422
510,422
10,423
33,423
219,423
229,423
370,423
414,423
415,423
491,423
564,423
638,423
694,423
700,423
716,423
842,423
907,423
1035,423
238,424
183,425
282,425
645,425
948,425
1,426
25,426
49,426
55,426
71,426
76,426
93,426
106,426
111,426
119,426
124,426
145,426
151,426
161,426
166,426
170,426
171,426
173,426
198,426
210,426
294,426
309,426
359,426
372,426
373,426
393,426
394,426
417,426
453,426
454,426
496,426
501,426
516,426
530,426
543,426
545,426
552,426
568,426
585,426
594,426
617,426
631,426
634,426
657,426
672,426
687,426
865,426
887,426
894,426
906,426
1018,426
1037,426
574,427
645,428
10,429
33,429
183,429
566,429
635,429
1035,429
183,430
635,430
380,431
489,431
674,431
10,432
1035,432
183,433
238,433
306,433
370,433
566,433
635,433
959,433
22,434
107,434
238,434
306,434
370,434
451,434
566,434
645,434
646,434
806,434
959,434
1056,434
33,435
230,435
421,435
510,435
521,435
549,435
748,435
766,435
159,436
230,436
491,436
694,436
716,436
806,436
159,437
230,437
491,437
694,437
716,437
806,437
33,438
238,438
306,438
730,438
959,438
38,439
139,439
588,439
561,440
878,440
879,440
687,441
906,441
49,442
111,442
161,442
173,442
309,442
359,442
516,442
568,442
594,442
634,442
887,442
894,442
94,443
294,443
634,443
117,444
428,444
635,444
106,445
167,445
233,445
551,445
693,445
938,445
980,445
382,446
552,446
638,446
230,447
635,448
881,448
705,449
25,450
227,450
261,450
431,450
946,450
421,451
510,451
183,452
17,453
183,453
229,453
238,453
306,453
370,453
566,453
635,453
959,453
22,454
107,454
183,454
320,454
335,454
403,454
466,454
502,454
566,454
635,454
645,454
649,454
696,454
812,454
95,455
105,455
147,455
197,455
230,455
245,455
282,455
417,455
421,455
475,455
510,455
521,455
531,455
549,455
560,455
876,455
877,455
885,455
1043,455
1044,455
1045,455
1054,455
872,456
203,457
230,457
236,457
296,457
502,457
830,457
756,458
352,459
230,460
421,460
521,460
638,460
694,460
17,461
132,461
180,461
230,461
236,461
247,461
296,461
306,461
328,461
495,461
502,461
526,461
638,461
957,461
959,461
1046,461
4,462
27,462
33,462
37,462
61,462
73,462
105,462
117,462
150,462
159,462
180,462
230,462
236,462
247,462
282,462
293,462
296,462
306,462
328,462
358,462
376,462
421,462
428,462
438,462
456,462
495,462
502,462
508,462
510,462
521,462
532,462
549,462
585,462
602,462
605,462
606,462
638,462
646,462
651,462
656,462
694,462
705,462
731,462
740,462
748,462
806,462
809,462
830,462
842,462
874,462
917,462
959,462
4,463
33,463
37,463
230,463
236,463
376,463
421,463
428,463
438,463
456,463
495,463
510,463
521,463
532,463
549,463
605,463
606,463
622,463
646,463
651,463
656,463
705,463
740,463
748,463
805,463
1,464
4,464
10,464
22,464
23,464
27,464
33,464
37,464
50,464
61,464
72,464
73,464
105,464
117,464
150,464
159,464
180,464
182,464
203,464
229,464
230,464
236,464
240,464
247,464
282,464
293,464
296,464
306,464
328,464
358,464
367,464
376,464
417,464
421,464
428,464
438,464
441,464
456,464
464,464
475,464
486,464
495,464
502,464
508,464
510,464
513,464
521,464
532,464
549,464
585,464
602,464
605,464
606,464
622,464
638,464
646,464
651,464
656,464
694,464
705,464
716,464
731,464
740,464
748,464
806,464
809,464
830,464
842,464
874,464
898,464
917,464
948,464
959,464
1024,464
1035,464
1043,464
1044,464
1045,464
1054,464
1,465
356,465
38,466
220,466
409,466
568,466
600,466
150,467
236,467
502,467
143,468
718,468
367,469
464,469
466,470
907,470
282,471
376,472
456,472
606,472
622,472
205,473
635,474
428,475
635,475
716,475
908,475
0,476
4,476
9,476
17,476
19,476
25,476
32,476
42,476
49,476
59,476
82,476
97,476
114,476
124,476
146,476
160,476
178,476
189,476
210,476
247,476
250,476
287,476
290,476
299,476
324,476
329,476
340,476
360,476
367,476
377,476
408,476
428,476
464,476
485,476
506,476
545,476
552,476
563,476
568,476
585,476
635,476
640,476
673,476
694,476
772,476
777,476
800,476
807,476
821,476
854,476
892,476
923,476
982,476
984,476
1021,476
1022,476
986,477
456,478
585,478
2,479
186,479
502,479
509,479
628,479
635,479
907,479
17,480
238,480
306,480
959,480
456,481
585,481
2,482
186,482
230,482
502,482
509,482
628,482
635,482
907,482
17,483
238,483
306,483
959,483
456,484
585,484
428,485
238,486
306,486
959,486
117,487
238,488
306,488
959,488
117,489
901,490
5,491
238,491
306,491
694,491
812,491
83,492
428,493
521,493
585,493
748,493
230,494
4,495
107,495
159,495
160,495
183,495
230,495
282,495
370,495
376,495
421,495
428,495
510,495
521,495
531,495
532,495
549,495
590,495
607,495
645,495
646,495
656,495
694,495
731,495
910,495
917,495
287,496
821,496
1021,496
1022,496
230,497
10,498
19,498
1035,498
219,499
382,499
552,499
638,499
653,499
883,499
205,500
337,500
771,500
713,501
183,502
645,502
63,503
630,503
10,504
17,504
28,504
29,504
105,504
124,504
199,504
210,504
254,504
294,504
306,504
353,504
408,504
437,504
515,504
533,504
545,504
631,504
959,504
1035,504
4,505
37,505
203,505
230,505
247,505
376,505
421,505
521,505
549,505
638,505
656,505
357,506
424,506
514,506
638,506
348,507
714,507
716,508
809,509
881,509
178,510
367,510
519,510
778,510
33,511
159,511
282,511
376,511
456,511
495,511
605,511
606,511
622,511
705,511
221,512
171,513
4,514
5,514
10,514
11,514
17,514
19,514
22,514
23,514
25,514
41,514
42,514
46,514
48,514
49,514
59,514
60,514
62,514
70,514
76,514
93,514
96,514
105,514
109,514
117,514
131,514
143,514
165,514
170,514
178,514
180,514
182,514
196,514
199,514
215,514
219,514
221,514
230,514
250,514
258,514
261,514
262,514
275,514
290,514
296,514
298,514
311,514
321,514
324,514
329,514
333,514
339,514
342,514
365,514
386,514
387,514
406,514
417,514
421,514
428,514
430,514
441,514
464,514
475,514
486,514
496,514
501,514
503,514
507,514
512,514
513,514
515,514
519,514
521,514
532,514
540,514
545,514
548,514
552,514
563,514
585,514
591,514
630,514
638,514
640,514
650,514
653,514
660,514
673,514
686,514
694,514
696,514
700,514
703,514
707,514
718,514
719,514
729,514
738,514
748,514
762,514
774,514
778,514
782,514
792,514
793,514
807,514
844,514
858,514
879,514
886,514
895,514
922,514
946,514
955,514
968,514
990,514
1025,514
1029,514
1035,514
1043,514
1044,514
1045,514
1054,514
515,515
762,515
83,516
95,516
106,516
116,516
194,516
283,516
417,516
473,516
475,516
511,516
538,516
638,516
709,516
1012,516
1043,516
1044,516
1045,516
1046,516
1054,516
117,517
230,517
260,517
466,517
524,517
635,517
859,517
907,517
908,517
986,517
38,518
139,518
226,518
323,518
588,518
726,518
5,519
42,519
46,519
117,519
181,519
233,519
333,519
369,519
542,519
718,519
797,519
10,520
183,520
645,520
1035,520
183,521
10,522
22,522
32,522
62,522
95,522
117,522
147,522
367,522
428,522
464,522
552,522
599,522
635,522
854,522
892,522
1035,522
495,523
646,523
68,524
83,524
872,524
900,524
4,525
147,525
326,525
463,525
504,525
506,525
543,525
725,526
944,526
283,527
421,527
445,527
42,528
464,528
4,529
18,529
21,529
22,529
27,529
33,529
37,529
61,529
68,529
73,529
90,529
105,529
150,529
159,529
180,529
183,529
203,529
230,529
236,529
240,529
247,529
282,529
293,529
348,529
356,529
362,529
376,529
421,529
428,529
456,529
495,529
502,529
510,529
521,529
526,529
531,529
532,529
549,529
607,529
622,529
638,529
646,529
656,529
705,529
707,529
716,529
724,529
731,529
748,529
749,529
765,529
766,529
806,529
830,529
842,529
876,529
898,529
957,529
967,529
1009,529
325,530
640,530
106,531
441,532
657,532
451,533
1056,533
138,534
247,534
320,534
498,534
509,534
563,534
566,534
635,534
716,534
847,534
907,534
22,535
107,535
238,535
306,535
370,535
451,535
566,535
645,535
646,535
806,535
959,535
1056,535
428,536
635,536
157,537
272,537
457,537
258,538
10,539
50,539
373,539
543,539
587,539
598,539
753,539
913,539
1035,539
729,540
922,540
417,541
448,541
475,541
1043,541
1044,541
1045,541
1054,541
145,542
197,542
638,542
335,543
4,544
10,544
33,544
203,544
230,544
421,544
428,544
502,544
510,544
521,544
531,544
532,544
549,544
602,544
638,544
705,544
1035,544
4,545
10,545
33,545
203,545
230,545
421,545
428,545
502,545
510,545
521,545
531,545
532,545
549,545
602,545
638,545
705,545
1035,545
4,546
10,546
33,546
203,546
230,546
421,546
428,546
502,546
510,546
521,546
531,546
549,546
602,546
638,546
705,546
1035,546
157,547
238,548
45,549
198,549
296,549
492,549
632,549
884,549
139,550
226,550
259,550
323,550
600,550
105,551
109,551
178,551
329,551
386,551
417,551
475,551
507,551
515,551
545,551
563,551
703,551
729,551
762,551
858,551
922,551
990,551
1043,551
1044,551
1045,551
1054,551
585,552
262,553
283,553
234,554
320,554
498,554
509,554
566,554
628,554
729,554
907,554
922,554
414,555
566,555
171,556
359,556
657,556
25,557
282,557
335,557
393,557
417,557
464,557
475,557
631,557
632,557
638,557
640,557
762,557
975,557
1043,557
1044,557
1045,557
1054,557
397,558
580,558
822,558
1027,558
159,559
910,559
420,560
3,561
10,561
92,561
128,561
191,561
205,561
263,561
337,561
581,561
597,561
627,561
785,561
786,561
821,561
1035,561
807,562
276,563
559,563
117,564
229,564
238,564
306,564
370,564
959,564
17,565
117,565
183,565
229,565
238,565
306,565
370,565
959,565
159,566
491,566
694,566
716,566
806,566
238,567
306,567
566,567
959,567
5,568
42,568
117,568
296,568
375,568
464,568
645,568
656,568
1,569
2,569
5,569
10,569
11,569
216,569
292,569
296,569
356,569
428,569
451,569
522,569
582,569
645,569
656,569
716,569
758,569
821,569
1035,569
1038,569
1039,569
1056,569
42,570
44,570
83,570
117,570
118,570
147,570
170,570
178,570
219,570
245,570
282,570
299,570
395,570
464,570
504,570
508,570
535,570
560,570
585,570
586,570
729,570
750,570
787,570
797,570
876,570
885,570
908,570
922,570
997,570
40,571
42,571
45,571
83,571
95,571
106,571
124,571
194,571
215,571
283,571
287,571
369,571
373,571
473,571
538,571
543,571
638,571
729,571
773,571
821,571
922,571
1021,571
1022,571
21,572
33,572
150,572
183,572
203,572
230,572
236,572
247,572
376,572
421,572
495,572
502,572
510,572
521,572
549,572
607,572
705,572
716,572
748,572
766,572
830,572
333,573
121,574
268,574
574,574
272,575
420,576
5,577
9,577
11,577
13,577
16,577
17,577
22,577
26,577
35,577
45,577
75,577
79,577
85,577
105,577
117,577
124,577
131,577
145,577
151,577
177,577
197,577
199,577
200,577
250,577
254,577
261,577
279,577
333,577
335,577
353,577
410,577
416,577
417,577
461,577
462,577
475,577
493,577
503,577
504,577
516,577
523,577
531,577
556,577
569,577
594,577
625,577
638,577
647,577
659,577
675,577
691,577
729,577
763,577
852,577
865,577
900,577
922,577
931,577
946,577
976,577
1010,577
1016,577
1023,577
1032,577
1036,577
1043,577
1044,577
1045,577
1054,577
294,578
351,578
393,578
631,578
247,579
58,580
88,580
105,580
171,580
218,580
335,580
516,580
545,580
641,580
647,580
657,580
691,580
552,581
777,581
210,582
394,582
617,582
31,583
55,583
64,583
76,583
105,583
106,583
120,583
163,583
166,583
218,583
252,583
294,583
325,583
401,583
453,583
496,583
501,583
631,583
634,583
672,583
754,583
1011,583
116,584
205,584
238,584
306,584
370,584
566,584
845,584
959,584
238,585
824,586
306,587
495,587
651,587
367,588
519,588
778,588
283,589
230,590
236,590
296,590
456,590
502,590
836,591
915,591
33,592
73,592
150,592
183,592
203,592
230,592
236,592
376,592
421,592
502,592
510,592
521,592
549,592
705,592
716,592
748,592
766,592
51,593
230,593
502,593
607,593
51,594
230,594
901,595
977,595
656,596
635,597
656,597
716,597
107,598
148,598
229,598
318,598
638,598
656,598
823,598
229,599
656,599
656,600
22,601
107,601
205,601
230,601
234,601
320,601
328,601
335,601
403,601
466,601
498,601
502,601
509,601
628,601
635,601
696,601
729,601
812,601
922,601
238,602
238,603
124,604
284,604
451,604
543,604
625,604
696,604
729,604
922,604
1056,604
100,605
296,605
5,606
414,606
456,606
566,606
10,607
13,607
17,607
51,607
95,607
100,607
105,607
138,607
150,607
159,607
183,607
186,607
205,607
229,607
230,607
236,607
247,607
282,607
293,607
300,607
306,607
318,607
328,607
370,607
376,607
412,607
414,607
421,607
428,607
438,607
444,607
456,607
483,607
486,607
495,607
502,607
509,607
510,607
521,607
524,607
531,607
532,607
549,607
589,607
590,607
607,607
635,607
638,607
645,607
646,607
651,607
656,607
694,607
707,607
711,607
716,607
731,607
748,607
749,607
801,607
823,607
826,607
842,607
877,607
908,607
911,607
917,607
934,607
948,607
959,607
962,607
1024,607
1035,607
1046,607
1050,607
10,608
95,608
183,608
502,608
635,608
645,608
801,608
877,608
1035,608
254,609
268,609
482,609
574,609
142,610
942,610
707,611
304,612
115,613
631,613
320,614
509,614
566,614
716,614
907,614
117,615
566,615
607,615
107,616
148,616
229,616
318,616
635,616
638,616
656,616
716,616
823,616
107,617
148,617
318,617
635,617
638,617
656,617
716,617
823,617
119,618
200,618
215,618
770,618
394,619
464,619
296,620
421,620
499,620
900,620
238,621
306,621
602,621
635,621
649,621
716,621
959,621
203,622
456,622
502,622
524,622
635,622
986,622
159,623
183,623
451,623
645,623
649,623
1056,623
33,624
159,624
160,624
230,624
656,624
694,624
809,624
948,624
428,625
428,626
635,626
300,627
348,627
524,627
646,627
694,627
17,628
117,628
183,628
229,628
238,628
306,628
370,628
959,628
116,629
205,629
238,629
306,629
370,629
566,629
845,629
959,629
238,630
116,631
205,631
238,631
306,631
370,631
566,631
845,631
959,631
116,632
205,632
238,632
306,632
370,632
566,632
845,632
959,632
238,633
306,633
649,633
959,633
238,634
306,634
959,634
238,635
306,635
959,635
414,636
566,636
705,637
843,638
10,639
17,639
22,639
24,639
25,639
26,639
45,639
68,639
97,639
103,639
117,639
126,639
127,639
151,639
156,639
178,639
179,639
191,639
199,639
205,639
219,639
220,639
225,639
227,639
234,639
237,639
261,639
271,639
276,639
282,639
285,639
290,639
294,639
296,639
299,639
313,639
318,639
321,639
335,639
347,639
356,639
376,639
382,639
383,639
388,639
390,639
393,639
417,639
427,639
428,639
429,639
431,639
432,639
441,639
450,639
455,639
464,639
475,639
480,639
487,639
503,639
519,639
520,639
523,639
540,639
545,639
548,639
574,639
576,639
582,639
616,639
631,639
632,639
638,639
640,639
646,639
673,639
680,639
700,639
707,639
719,639
734,639
762,639
778,639
807,639
825,639
841,639
864,639
870,639
873,639
907,639
909,639
939,639
946,639
949,639
950,639
967,639
975,639
991,639
994,639
999,639
1013,639
1026,639
1028,639
1031,639
1032,639
1033,639
1034,639
1035,639
1043,639
1044,639
1045,639
1046,639
1049,639
1054,639
13,640
456,640
495,640
95,641
106,641
124,641
194,641
215,641
283,641
473,641
538,641
638,641
863,642
12,643
22,643
36,643
55,643
83,643
93,643
95,643
115,643
196,643
197,643
215,643
262,643
307,643
309,643
335,643
338,643
391,643
394,643
417,643
453,643
475,643
501,643
608,643
612,643
631,643
725,643
733,643
770,643
1043,643
1044,643
1045,643
1054,643
